text,label
alexandru.tudor@mail.md,email
Gen : female,gender
florin.constantinescu@gmail.com,email
Consultat astăzi la ora 10:00 de Dr. Popescu.,none
elena.tudor@gmail.com,email
Полис : CNP 146451012726304,insurance_number
Data nașterii - 21.04.1951,birth_date
Data nașterii : 1967-08-12,birth_date
07.11.1995,birth_date
Fumător: Nu,none
Data nasterii:  25.03.1963,birth_date
"Domiciliu:  Bd. Unirii 178, București",address
Numele:  Vasile,last_name
Pacientul nu prezintă simptome acute.,none
+373 748656152,phone
"Адрес - Bd. Unirii 87, Cluj-Napoca",address
CNP 176805008524202,insurance_number
Pacientul nu prezintă simptome acute.,none
Nume:  Moldovan,last_name
Tel - +40 789147232,phone
RO500469036420698,insurance_number
Nume de familie : Constantinescu,last_name
Constantinescu Andreea,full_name
1978-06-22,birth_date
Telefon : +7 961192463,phone
dan.florea@gmail.com,email
Tel : +373 755047826,phone
diana.constantinescu@gmail.com,email
E-mail: andreea.ciobanu@yahoo.com,email
Nume de familie:  Stanescu,last_name
"Domiciliu: Str. Mihai Viteazul 97, Timișoara",address
Mobil:  +373 737581060,phone
"Str. 1 Decembrie 78, Constanța",address
Nr. asigurare : 206435992072508,insurance_number
Email : simona.popa@hospital.md,email
Observații: bun general,none
CNP 210196814736763,insurance_number
Nume de familie: Tudor,last_name
Marinescu Alexandru,full_name
Полис : CNP 954538621667194,insurance_number
Data nașterii - 14/3/1949,birth_date
RO952286788482584,insurance_number
+7 918250139,phone
Имя: Adrian,first_name
Пациент:  Popescu Maria,full_name
Телефон : +373 715288944,phone
"Bd. Dacia 168, Constanța",address
Fumător: Nu,none
Numele - Georgescu,last_name
Ultima vizită: 2024-05-10,none
"Adresa - Bd. Dacia 99, Iași",address
Tratament curent: Paracetamol 500mg,none
Пациент : Tudor Florin,full_name
Vasile Florin,full_name
Sex - female,gender
Data nașterii:  15.04.1972,birth_date
Телефон - +7 935579048,phone
E-mail: maria.tudor@mail.md,email
Observații: bun general,none
1977-12-01,birth_date
Дата рождения - 11.10.1985,birth_date
Эл. почта - paul.popa@mail.md,email
Polis:  597225415857179,insurance_number
Diabet: Nu,none
Nume de familie:  Stanescu,last_name
Telefon : +7 923754633,phone
Grupa sanguină: A+,none
Nume de familie:  Tudor,last_name
Пациент: Stoica Simona,full_name
262377141446022,insurance_number
Дата рождения : 03.07.1957,birth_date
Email : paul.moldovan@gmail.com,email
Numele : Dumitrescu,last_name
Notă: pacient colaborativ,none
"Adresă: Bd. Dacia 123, Galați",address
DOB : 1974-10-21,birth_date
Nume de familie:  Marinescu,last_name
"Adresa: Str. 1 Decembrie 136, Constanța",address
prenumele : Cosmin,first_name
Tratament curent: Paracetamol 500mg,none
Tratament curent: Paracetamol 500mg,none
MD962644898104311,insurance_number
Diabet: Nu,none
andreea.enache@gmail.com,email
"Investigații recomandate: analize sânge, ECG.",none
"Str. Mihai Viteazul 125, Bălți",address
2/8/1952,birth_date
Tratament curent: Paracetamol 500mg,none
"Адрес : Str. Libertății 42, Chișinău",address
Пол : Feminin,gender
0790812511,phone
Email:  gabriel.popa@gmail.com,email
Sex:  male,gender
RO156655302766157,insurance_number
+40 718545050,phone
Polis - CNP 645024515822392,insurance_number
Дата рождения - 06.06.2001,birth_date
CNP:  CNP 40037814347534,insurance_number
Pacientul nu prezintă simptome acute.,none
Телефон: +7 958837208,phone
Nume și prenume : Constantinescu Adrian,full_name
Телефон:  +40 765201639,phone
ion.dumitrescu@mail.md,email
Data nasterii:  11/4/1945,birth_date
Consult efectuat,none
Polis: CNP 51569033243668,insurance_number
0752103461,phone
"Адрес:  Bd. Unirii 95, Galați",address
Фамилия : Popa,last_name
Дата рождения:  1954-01-09,birth_date
Nume și prenume : Vasile Vlad,full_name
Asigurare : 35613622590801,insurance_number
Consultat astăzi la ora 10:00 de Dr. Popescu.,none
Nr. asigurare:  197482770952147,insurance_number
"Str. Florilor 161, Oradea",address
Consult efectuat,none
"Domiciliu:  Bd. Unirii 34, Galați",address
Diabet: Nu,none
Дата рождения - 6/10/1996,birth_date
"Adresa - Str. Libertății 137, București",address
Observații: bun general,none
prenumele:  Vlad,first_name
prenumele: Ana,first_name
Фамилия:  Constantinescu,last_name
DOB:  1967-08-06,birth_date
Recomandare: Revenire peste 7 zile.,none
Telefon : 0751970837,phone
Recomandare: Revenire peste 7 zile.,none
0716264794,phone
Nume : Dumitrescu,last_name
Grupa sanguină: A+,none
Prenume : George,first_name
Notă: pacient colaborativ,none
Data nasterii: 1984-11-13,birth_date
Fumător: Nu,none
Tratament curent: Paracetamol 500mg,none
Telefon - +373 779006257,phone
Data nasterii:  1973-03-03,birth_date
"Adresă : Str. Ștefan cel Mare 105, Brașov",address
RO974691874131108,insurance_number
Popescu Mihai,full_name
Пациент: Popa Laura,full_name
Data nasterii - 1/5/1998,birth_date
+40 778089422,phone
Recomandare: Revenire peste 7 zile.,none
Prenume:  Paul,first_name
Grupa sanguină: A+,none
Tratament curent: Paracetamol 500mg,none
E-mail - ana.georgescu@yahoo.com,email
RO415156813682669,insurance_number
Фамилия: Stanescu,last_name
Телефон : +7 966192230,phone
Имя:  Ioana,first_name
Tratament curent: Paracetamol 500mg,none
Tratament curent: Paracetamol 500mg,none
"Bd. Unirii 53, Iași",address
Pacientul nu prezintă simptome acute.,none
"Adresa : Bd. Unirii 84, Galați",address
Prenume - Cosmin,first_name
Tel: +7 977556678,phone
Asigurare:  RO530091416346551,insurance_number
Пол:  F,gender
Nume de familie : Dumitrescu,last_name
1952-11-04,birth_date
"Investigații recomandate: analize sânge, ECG.",none
Полис : MD261416745820716,insurance_number
Telefon - +40 783665549,phone
Nume și prenume:  Florea Diana,full_name
Grupa sanguină: A+,none
Телефон:  +40 749786693,phone
Nume de familie:  Stoica,last_name
Mobil : 0724509544,phone
Фамилия : Popescu,last_name
Data nașterii - 1968-09-19,birth_date
Gen : F,gender
"Adresă : Str. Mihai Eminescu 170, Timișoara",address
E-mail - alexandru.ciobanu@gmail.com,email
Tel : +373 781757508,phone
Notă: pacient colaborativ,none
"Str. Ștefan cel Mare 48, Iași",address
Nume: Popescu,last_name
Constantinescu Alexandru,full_name
Tel:  +373 734044459,phone
radu.constantinescu@hospital.md,email
Эл. почта: raluca.preda@gmail.com,email
Prenume:  Mihai,first_name
Consult efectuat,none
Grupa sanguină: A+,none
Rețetă eliberată,none
"Adresa - Bd. Dacia 84, București",address
Prenume - Andrei,first_name
Фамилия : Radu,last_name
Data nasterii:  18/11/1988,birth_date
Recomandare: Revenire peste 7 zile.,none
Preda Diana,full_name
Ultima vizită: 2024-05-10,none
24.10.1967,birth_date
Sex:  Masculin,gender
ioana.florea@gmail.com,email
Tratament curent: Paracetamol 500mg,none
Фамилия : Vasile,last_name
Пол: F,gender
Gen: F,gender
E-mail : george.enache@gmail.com,email
Имя - Laura,first_name
Sex : F,gender
Nume și prenume - Stoica Andrei,full_name
Pacientul nu prezintă simptome acute.,none
28.12.1953,birth_date
Nume și prenume: Ciobanu Andreea,full_name
Nume complet - Moldovan Raluca,full_name
Nume de familie: Stanescu,last_name
Gen:  женский,gender
"Investigații recomandate: analize sânge, ECG.",none
Дата рождения:  17.03.1973,birth_date
Notă: pacient colaborativ,none
Numele:  Constantinescu,last_name
DOB - 24.05.1949,birth_date
Consultat astăzi la ora 10:00 de Dr. Popescu.,none
Gen - мужской,gender
Email - ana.munteanu@mail.md,email
Fumător: Nu,none
"Adresă - Str. 1 Decembrie 146, Iași",address
Nume complet : Dumitrescu Cosmin,full_name
Telefon:  +7 986911446,phone
Email: ioana.tudor@yahoo.com,email
Пол - F,gender
Pacientul nu prezintă simptome acute.,none
MD246117211340133,insurance_number
Эл. почта - ion.popescu@yahoo.com,email
Alergii cunoscute: penicilină.,none
Tratament curent: Paracetamol 500mg,none
+7 976266658,phone
Alergii cunoscute: penicilină.,none
Nume : Enache,last_name
Email - george.constantinescu@yahoo.com,email
Tel: +7 981113720,phone
"Investigații recomandate: analize sânge, ECG.",none
Mail: alexandru.moldovan@mail.md,email
Numele: Constantinescu,last_name
Nr. asigurare: 593407980457104,insurance_number
Nume de familie: Vasile,last_name
"Адрес:  Bd. Unirii 48, București",address
"Domiciliu:  Str. Mihai Viteazul 114, Brașov",address
0742392076,phone
"Str. Mihai Eminescu 163, Oradea",address
Email:  elena.tudor@gmail.com,email
Tudor Marius,full_name
Nr. asigurare: RO964264478651599,insurance_number
Polis - RO910737183285401,insurance_number
MD867092314204740,insurance_number
"Adresă : Str. Libertății 161, Constanța",address
2003-01-22,birth_date
Nume de familie: Ionescu,last_name
Observații: bun general,none
28.09.2007,birth_date
Полис:  374171302815316,insurance_number
Gen - мужской,gender
Телефон : 0732815223,phone
"Adresă - Str. 1 Decembrie 19, Constanța",address
"Str. 1 Decembrie 123, București",address
Polis: 816240486178475,insurance_number
Tratament curent: Paracetamol 500mg,none
690208219154828,insurance_number
"Str. 1 Decembrie 156, Chișinău",address
Grupa sanguină: A+,none
Data nasterii:  17.01.1950,birth_date
CNP : 496652862368278,insurance_number
Pacientul nu prezintă simptome acute.,none
"Адрес : Str. Mihai Viteazul 139, Brașov",address
Телефон: +7 970004467,phone
Data nasterii - 16/4/1987,birth_date
Email - maria.stanescu@yahoo.com,email
Пациент: Ciobanu Ana,full_name
Mobil:  +373 796203262,phone
Mobil:  +40 730237141,phone
Popa Adrian,full_name
Nr. asigurare:  469766655612269,insurance_number
Tel: +7 915453834,phone
Prenume : Raluca,first_name
Numele : Popescu,last_name
Constantinescu Dan,full_name
Nume de familie: Popa,last_name
"Investigații recomandate: analize sânge, ECG.",none
"Adresă : Str. Libertății 77, Timișoara",address
Prenume: Florin,first_name
8/1/1980,birth_date
"Adresă : Str. Libertății 171, Timișoara",address
Născut : 2007-12-24,birth_date
ion.ionescu@mail.md,email
Nr. asigurare:  RO364876725759672,insurance_number
Numele - Marinescu,last_name
Nume complet : Florea Marius,full_name
"Adresă : Str. Florilor 77, Constanța",address
Data nașterii - 1960-12-07,birth_date
"Bd. Dacia 193, Cluj-Napoca",address
Polis: CNP 244179502391948,insurance_number
Polis - MD987893649812553,insurance_number
23.10.1971,birth_date
Alergii cunoscute: penicilină.,none
Sex : M,gender
"Adresa: Str. 1 Decembrie 159, Iași",address
Consult efectuat,none
RO884234124757788,insurance_number
Prenume: Cristian,first_name
prenumele - Radu,first_name
619864658255371,insurance_number
"Investigații recomandate: analize sânge, ECG.",none
Nume și prenume:  Moldovan Mihaela,full_name
Имя:  Daniela,first_name
Rețetă eliberată,none
+40 799530801,phone
Полис: CNP 577207899941233,insurance_number
"Адрес: Str. 1 Decembrie 111, Constanța",address
Email:  simona.ciobanu@hospital.md,email
"Investigații recomandate: analize sânge, ECG.",none
Gen:  male,gender
Пол - мужской,gender
Data nașterii : 1991-09-25,birth_date
E-mail:  florin.popescu@hospital.md,email
Notă: pacient colaborativ,none
Nume și prenume - Dumitrescu Paul,full_name
prenumele - Paul,first_name
"Investigații recomandate: analize sânge, ECG.",none
Эл. почта: maria.enache@mail.md,email
"Str. Ștefan cel Mare 63, Timișoara",address
CNP - CNP 533506768382717,insurance_number
"Domiciliu:  Bd. Unirii 147, Iași",address
Notă: pacient colaborativ,none
"Adresă: Str. 1 Decembrie 28, Bălți",address
"Adresă - Str. Mihai Viteazul 191, Cluj-Napoca",address
Пациент:  Preda Simona,full_name
Consult efectuat,none
Tratament curent: Paracetamol 500mg,none
Sex - мужской,gender
Rețetă eliberată,none
"Adresa : Str. 1 Decembrie 74, Cluj-Napoca",address
Дата рождения - 25.12.1995,birth_date
Пациент - Constantinescu Mihai,full_name
Пол : Masculin,gender
Sex: F,gender
Ionescu Ion,full_name
Alergii cunoscute: penicilină.,none
Пациент : Tudor Mihaela,full_name
"Investigații recomandate: analize sânge, ECG.",none
Mobil : 0766882385,phone
Nume complet : Stanescu Andrei,full_name
Gen:  Feminin,gender
Alergii cunoscute: penicilină.,none
Consultat astăzi la ora 10:00 de Dr. Popescu.,none
Consultat astăzi la ora 10:00 de Dr. Popescu.,none
Эл. почта: ana.stoica@yahoo.com,email
Pacientul nu prezintă simptome acute.,none
Sex - мужской,gender
Pacientul nu prezintă simptome acute.,none
Grupa sanguină: A+,none
Nume : Munteanu,last_name
253882271359275,insurance_number
Sex: мужской,gender
Observații: bun general,none
"Adresa:  Bd. Dacia 95, București",address
Полис:  688494540347802,insurance_number
Пол: Masculin,gender
E-mail - ion.georgescu@mail.md,email
"Investigații recomandate: analize sânge, ECG.",none
Telefon:  0742331952,phone
Эл. почта: ion.popescu@yahoo.com,email
Ultima vizită: 2024-05-10,none
Pacientul nu prezintă simptome acute.,none
Consult efectuat,none
Grupa sanguină: A+,none
Notă: pacient colaborativ,none
"Adresa - Str. Mihai Viteazul 47, Galați",address
Имя : Cristina,first_name
Sex - Masculin,gender
CNP 493910254297771,insurance_number
Diabet: Nu,none
Popa Elena,full_name
Nume de familie : Constantinescu,last_name
Имя - Ana,first_name
Gen - Feminin,gender
+7 997577092,phone
Alergii cunoscute: penicilină.,none
Фамилия: Constantinescu,last_name
Nr. asigurare - RO712313475910857,insurance_number
Nume complet : Popa Ana,full_name
Nume complet: Ionescu Andreea,full_name
Пациент : Munteanu Vlad,full_name
Sex:  F,gender
Mail: florin.georgescu@hospital.md,email
Grupa sanguină: A+,none
"Adresa: Str. 1 Decembrie 168, Bălți",address
andrei.ionescu@hospital.md,email
Grupa sanguină: A+,none
Asigurare: 116081279277820,insurance_number
Фамилия: Stanescu,last_name
Prenume: Andreea,first_name
Nume de familie: Florea,last_name
Nume și prenume:  Tudor Oana,full_name
Data nașterii:  06.09.1993,birth_date
MD133519070994677,insurance_number
Munteanu Andrei,full_name
Полис: MD168005779214334,insurance_number
Tel: +40 794112495,phone
1945-11-05,birth_date
Tel: +40 721945758,phone
Pacientul nu prezintă simptome acute.,none
E-mail: dan.radu@mail.md,email
Observații: bun general,none
Nume complet : Moldovan George,full_name
Consult efectuat,none
Fumător: Nu,none
Enache Andreea,full_name
Полис : 289309386564988,insurance_number
RO576756976557566,insurance_number
Recomandare: Revenire peste 7 zile.,none
CNP: MD771796218093284,insurance_number
Пациент - Popescu Dan,full_name
Consultat astăzi la ora 10:00 de Dr. Popescu.,none
florin.ionescu@hospital.md,email
"Adresa - Str. Libertății 33, Oradea",address
"Investigații recomandate: analize sânge, ECG.",none
Consultat astăzi la ora 10:00 de Dr. Popescu.,none
"Domiciliu:  Str. 1 Decembrie 6, Chișinău",address
Телефон: +40 733448079,phone
Телефон - +40 735095571,phone
Consult efectuat,none
Telefon: 0725302505,phone
prenumele: Ion,first_name
"Str. Mihai Viteazul 124, Cluj-Napoca",address
CNP : 6906306824635,insurance_number
Полис - RO207463793108314,insurance_number
Имя : Oana,first_name
Recomandare: Revenire peste 7 zile.,none
Sex : F,gender
Consult efectuat,none
1/2/2004,birth_date
Numele:  Dumitrescu,last_name
Телефон:  +7 967582820,phone
Эл. почта : laura.vasile@yahoo.com,email
Дата рождения : 27/6/1979,birth_date
Consult efectuat,none
Пациент - Stoica Dan,full_name
Nume și prenume:  Popa Dan,full_name
"Investigații recomandate: analize sânge, ECG.",none
prenumele:  Laura,first_name
Radu Dan,full_name
Grupa sanguină: A+,none
Пол:  female,gender
Email - simona.constantinescu@mail.md,email
Телефон: +373 746965460,phone
2004-08-22,birth_date
"Адрес - Str. Florilor 197, Chișinău",address
Пациент : Stanescu Elena,full_name
Mail : raluca.stoica@mail.md,email
Recomandare: Revenire peste 7 zile.,none
Mail: cristian.marinescu@gmail.com,email
Mobil : +373 797253117,phone
Rețetă eliberată,none
Пол: Masculin,gender
adrian.vasile@gmail.com,email
Vasile Maria,full_name
Пол - мужской,gender
Polis - CNP 731351089261745,insurance_number
719452911082401,insurance_number
elena.ionescu@hospital.md,email
ana.vasile@hospital.md,email
Consultat astăzi la ora 10:00 de Dr. Popescu.,none
Nr. asigurare - 627508898106573,insurance_number
Email - ana.marinescu@mail.md,email
"Adresa:  Str. Ștefan cel Mare 159, Brașov",address
"Адрес: Str. Ștefan cel Mare 173, Bălți",address
Tel: +7 989289163,phone
Observații: bun general,none
Nume și prenume: Georgescu Cosmin,full_name
+40 779437366,phone
Tratament curent: Paracetamol 500mg,none
Sex:  M,gender
Prenume: Diana,first_name
Имя: Laura,first_name
Mail: marius.ionescu@yahoo.com,email
Asigurare : RO340157223373583,insurance_number
prenumele: Andrei,first_name
E-mail:  george.stoica@mail.md,email
"Adresă:  Str. Mihai Eminescu 134, Timișoara",address
Gen : F,gender
Diabet: Nu,none
Data nașterii : 11/11/1959,birth_date
Ultima vizită: 2024-05-10,none
Notă: pacient colaborativ,none
Gen - M,gender
Телефон: +373 769286198,phone
Nume : Georgescu,last_name
Sex:  женский,gender
Пол : Feminin,gender
DOB:  1/12/1970,birth_date
Пациент:  Tudor Ana,full_name
16.12.2001,birth_date
Ultima vizită: 2024-05-10,none
0773394367,phone
Mail: marius.moldovan@gmail.com,email
Эл. почта - elena.marinescu@gmail.com,email
Телефон : 0784300459,phone
Consult efectuat,none
Nume de familie: Marinescu,last_name
Asigurare: MD996299071846932,insurance_number
Notă: pacient colaborativ,none
Popa Andreea,full_name
Mobil: 0775840632,phone
Rețetă eliberată,none
marius.vasile@hospital.md,email
"Адрес : Str. Florilor 47, Galați",address
Pacientul nu prezintă simptome acute.,none
Телефон : 0766178935,phone
Пол:  female,gender
+40 782468532,phone
Alergii cunoscute: penicilină.,none
radu.stoica@gmail.com,email
1973-01-19,birth_date
Prenume: Andrei,first_name
"Investigații recomandate: analize sânge, ECG.",none
Alergii cunoscute: penicilină.,none
Vasile Ion,full_name
Пол:  Feminin,gender
Nr. asigurare : 76377502321340,insurance_number
CNP - MD753908045299439,insurance_number
Data nașterii:  13/6/1963,birth_date
Data nasterii : 22.02.1949,birth_date
07.02.1988,birth_date
Nume complet:  Tudor Ion,full_name
Имя: Simona,first_name
Data nașterii - 2000-08-03,birth_date
Numele: Georgescu,last_name
+7 914978636,phone
"Investigații recomandate: analize sânge, ECG.",none
Gen: мужской,gender
Mail:  dan.florea@mail.md,email
Recomandare: Revenire peste 7 zile.,none
simona.moldovan@gmail.com,email
Фамилия - Florea,last_name
Recomandare: Revenire peste 7 zile.,none
Tratament curent: Paracetamol 500mg,none
Diabet: Nu,none
Nume complet - Enache Diana,full_name
Prenume:  Oana,first_name
Gen - Masculin,gender
Фамилия : Enache,last_name
mihai.preda@yahoo.com,email
"Domiciliu:  Str. Ștefan cel Mare 28, Iași",address
Телефон: 0719041276,phone
Эл. почта : cosmin.vasile@gmail.com,email
867026084696251,insurance_number
Nr. asigurare: CNP 148390263745984,insurance_number
Nume și prenume : Ionescu Paul,full_name
Эл. почта: ana.stanescu@hospital.md,email
Alergii cunoscute: penicilină.,none
Prenume:  Adrian,first_name
monica.tudor@mail.md,email
elena.florea@hospital.md,email
Nume complet - Marinescu Cosmin,full_name
Observații: bun general,none
Nr. asigurare:  681586152387889,insurance_number
Grupa sanguină: A+,none
Consultat astăzi la ora 10:00 de Dr. Popescu.,none
"Adresă - Str. Ștefan cel Mare 40, Cluj-Napoca",address
"Адрес : Str. Florilor 49, Brașov",address
Polis: 767680591632408,insurance_number
Имя : Ion,first_name
2001-11-01,birth_date
"Adresă: Str. Mihai Viteazul 61, Galați",address
"Str. Mihai Viteazul 193, București",address
Телефон : +7 943822694,phone
Fumător: Nu,none
"Str. Ștefan cel Mare 37, Constanța",address
andrei.munteanu@gmail.com,email
Nume complet:  Popescu Marius,full_name
Имя : Vlad,first_name
DOB - 16/5/1986,birth_date
Prenume - Raluca,first_name
Rețetă eliberată,none
Data nașterii:  11/10/1993,birth_date
Data nașterii : 23/2/1989,birth_date
Пациент : Stanescu Gabriel,full_name
Notă: pacient colaborativ,none
Data nasterii - 1993-04-11,birth_date
+373 779856260,phone
Полис : CNP 913982213601097,insurance_number
1988-02-20,birth_date
Consult efectuat,none
Polis: 897691801960091,insurance_number
"Adresă : Str. Mihai Eminescu 102, Timișoara",address
Data nasterii: 19.12.1959,birth_date
Фамилия:  Vasile,last_name
Notă: pacient colaborativ,none
794480574249801,insurance_number
10/10/1988,birth_date
Sex : мужской,gender
Data nașterii : 1992-02-09,birth_date
12437157398556,insurance_number
Rețetă eliberată,none
+40 794772931,phone
Constantinescu Vlad,full_name
660851838467193,insurance_number
Gen: женский,gender
Фамилия : Preda,last_name
"Adresă : Bd. Dacia 162, Oradea",address
Notă: pacient colaborativ,none
430512514491550,insurance_number
Mail : gabriel.moldovan@yahoo.com,email
"Investigații recomandate: analize sânge, ECG.",none
Дата рождения : 28.12.1999,birth_date
Fumător: Nu,none
E-mail:  florin.constantinescu@hospital.md,email
Nume și prenume : Tudor Gabriel,full_name
Radu Andrei,full_name
Telefon - +373 754112109,phone
Ultima vizită: 2024-05-10,none
+373 721439895,phone
0767796900,phone
Sex - M,gender
Data nașterii - 21.06.1960,birth_date
Sex: мужской,gender
"Адрес : Bd. Unirii 137, Oradea",address
dan.florea@mail.md,email
Tratament curent: Paracetamol 500mg,none
Sex:  Feminin,gender
"Str. Ștefan cel Mare 116, Oradea",address
Tel: 0793150000,phone
Пол - M,gender
"Адрес - Bd. Unirii 160, Galați",address
Email:  mihai.ionescu@hospital.md,email
Tel : +373 758039455,phone
Consult efectuat,none
Grupa sanguină: A+,none
Tratament curent: Paracetamol 500mg,none
Имя:  Vlad,first_name
Email : george.ionescu@yahoo.com,email
Фамилия: Marinescu,last_name
Rețetă eliberată,none
Consult efectuat,none
14.02.1976,birth_date
CNP 836705633006757,insurance_number
"Bd. Dacia 189, Timișoara",address
Polis - 392508474563240,insurance_number
2000-10-26,birth_date
Consult efectuat,none
Пол: female,gender
"Adresa:  Str. 1 Decembrie 174, Timișoara",address
Prenume: Paul,first_name
Observații: bun general,none
Mobil : +7 925808361,phone
"Adresă - Str. Libertății 93, Timișoara",address
Diabet: Nu,none
Alergii cunoscute: penicilină.,none
Имя : Ioana,first_name
prenumele - Mihai,first_name
Tel : +40 710632635,phone
Tratament curent: Paracetamol 500mg,none
Pacientul nu prezintă simptome acute.,none
Tratament curent: Paracetamol 500mg,none
prenumele: George,first_name
"Investigații recomandate: analize sânge, ECG.",none
Полис:  MD564899632181455,insurance_number
Prenume: Ioana,first_name
Gen - male,gender
mihaela.ciobanu@gmail.com,email
Tratament curent: Paracetamol 500mg,none
Notă: pacient colaborativ,none
Rețetă eliberată,none
Mobil: +373 726540343,phone
Alergii cunoscute: penicilină.,none
"Str. Mihai Eminescu 110, Bălți",address
Notă: pacient colaborativ,none
Prenume: Diana,first_name
Ultima vizită: 2024-05-10,none
Nr. asigurare - 777186832923127,insurance_number
Consult efectuat,none
Пациент - Stanescu Cosmin,full_name
"Adresă : Str. Ștefan cel Mare 168, Constanța",address
+373 768936139,phone
"Str. Libertății 155, Cluj-Napoca",address
Consultat astăzi la ora 10:00 de Dr. Popescu.,none
Consultat astăzi la ora 10:00 de Dr. Popescu.,none
"Str. Libertății 4, Galați",address
Mobil - 0743629729,phone
Vasile George,full_name
11.10.1969,birth_date
781949297777874,insurance_number
Prenume - Vlad,first_name
Grupa sanguină: A+,none
Fumător: Nu,none
radu.enache@gmail.com,email
0769259530,phone
+7 971355706,phone
Grupa sanguină: A+,none
"Adresa:  Str. 1 Decembrie 88, Chișinău",address
Mail - oana.constantinescu@yahoo.com,email
"Адрес - Str. Mihai Eminescu 73, Oradea",address
CNP : 905228512350224,insurance_number
Пациент - Ionescu Adrian,full_name
Consult efectuat,none
Data nașterii: 4/6/1992,birth_date
0780839007,phone
Nume - Munteanu,last_name
Пациент: Florea Ion,full_name
Tel : +40 722879054,phone
Ultima vizită: 2024-05-10,none
CNP - 216786040677671,insurance_number
+7 932055285,phone
"Adresă - Str. Mihai Viteazul 53, Timișoara",address
Имя : Andrei,first_name
Gen : Feminin,gender
Nume și prenume: Ionescu Paul,full_name
+40 778675400,phone
Notă: pacient colaborativ,none
1961-04-26,birth_date
Эл. почта : ion.marinescu@mail.md,email
Asigurare:  RO431894776303811,insurance_number
Gen: Masculin,gender
Дата рождения : 28/7/1946,birth_date
Nume complet:  Popa Oana,full_name
Пациент : Tudor Alexandru,full_name
Имя:  Elena,first_name
Fumător: Nu,none
CNP : MD721272086407850,insurance_number
Grupa sanguină: A+,none
Tratament curent: Paracetamol 500mg,none
Notă: pacient colaborativ,none
+373 778133743,phone
E-mail: radu.tudor@hospital.md,email
Nume și prenume: Popescu Vlad,full_name
Diabet: Nu,none
Consultat astăzi la ora 10:00 de Dr. Popescu.,none
Mail - marius.stanescu@gmail.com,email
Preda Monica,full_name
Nume de familie : Preda,last_name
"Bd. Unirii 67, Oradea",address
Ionescu Daniela,full_name
"Адрес: Str. Florilor 81, București",address
Consultat astăzi la ora 10:00 de Dr. Popescu.,none
"Адрес : Str. Ștefan cel Mare 56, Oradea",address
Email : cosmin.enache@yahoo.com,email
Mail: mihaela.munteanu@gmail.com,email
Pacientul nu prezintă simptome acute.,none
Nume de familie - Tudor,last_name
+373 791302255,phone
Consult efectuat,none
Gen: мужской,gender
Gen:  женский,gender
Prenume:  Adrian,first_name
23.06.1969,birth_date
Telefon : +373 766213840,phone
Фамилия:  Moldovan,last_name
Data nașterii : 02.12.1959,birth_date
prenumele - Laura,first_name
"Investigații recomandate: analize sânge, ECG.",none
21.02.1988,birth_date
"Adresa : Str. Libertății 188, Oradea",address
MD221403702620523,insurance_number
Телефон:  +7 997086700,phone
Дата рождения - 13.04.1977,birth_date
Tel:  +373 731602928,phone
Mail: cristina.ciobanu@hospital.md,email
Numele:  Munteanu,last_name
Notă: pacient colaborativ,none
Asigurare: MD710064202407964,insurance_number
Sex:  Feminin,gender
1969-10-25,birth_date
daniela.preda@hospital.md,email
Popa Daniela,full_name
"Адрес - Bd. Unirii 166, Chișinău",address
Fumător: Nu,none
"Str. Ștefan cel Mare 47, Bălți",address
Пол : женский,gender
Gen:  женский,gender
Имя : Laura,first_name
Fumător: Nu,none
Observații: bun general,none
Notă: pacient colaborativ,none
Prenume - Ana,first_name
Nume complet : Radu George,full_name
CNP:  RO987471950757787,insurance_number
Consultat astăzi la ora 10:00 de Dr. Popescu.,none
Observații: bun general,none
0714968366,phone
Polis:  MD251973620646470,insurance_number
Email : marius.stoica@yahoo.com,email
Имя : Cosmin,first_name
Data nasterii:  2/9/1997,birth_date
Nume complet: Radu Oana,full_name
Consult efectuat,none
Polis:  597014174818037,insurance_number
Пациент - Vasile Mihaela,full_name
Телефон - +7 954372866,phone
Пол : F,gender
RO64689455210738,insurance_number
Vasile Paul,full_name
Mail - andreea.popa@gmail.com,email
mihaela.radu@hospital.md,email
Alergii cunoscute: penicilină.,none
Sex: F,gender
Grupa sanguină: A+,none
"Str. 1 Decembrie 40, Timișoara",address
Popescu Ioana,full_name
Consultat astăzi la ora 10:00 de Dr. Popescu.,none
+40 776409428,phone
Имя: Laura,first_name
DOB - 08.05.1983,birth_date
Numele:  Stanescu,last_name
07.11.1991,birth_date
"Адрес - Str. Florilor 12, Timișoara",address
Asigurare: CNP 775357375952429,insurance_number
Rețetă eliberată,none
Имя: Daniela,first_name
Mail - ion.enache@mail.md,email
Mail:  cristian.tudor@gmail.com,email
Tel: 0797314051,phone
Fumător: Nu,none
Asigurare : 98746251157216,insurance_number
Popescu Laura,full_name
"Str. Ștefan cel Mare 126, Chișinău",address
Rețetă eliberată,none
Nume : Stanescu,last_name
Эл. почта: ana.radu@mail.md,email
Nume complet : Marinescu Ana,full_name
Consultat astăzi la ora 10:00 de Dr. Popescu.,none
Nume complet - Tudor Paul,full_name
"Adresa - Str. Mihai Eminescu 71, Chișinău",address
Телефон: +373 740107903,phone
Фамилия - Ciobanu,last_name
Polis : MD624283844978046,insurance_number
Дата рождения:  25.09.1972,birth_date
Фамилия - Florea,last_name
Mobil : 0747627490,phone
Consult efectuat,none
+7 964936566,phone
"Adresa : Str. 1 Decembrie 83, Cluj-Napoca",address
Recomandare: Revenire peste 7 zile.,none
alexandru.dumitrescu@yahoo.com,email
Mail:  cristina.georgescu@yahoo.com,email
Asigurare: MD156410038183699,insurance_number
Пациент : Marinescu Maria,full_name
RO786604475715949,insurance_number
Consultat astăzi la ora 10:00 de Dr. Popescu.,none
Nume complet : Vasile Daniela,full_name
"Domiciliu - Bd. Dacia 144, Chișinău",address
Consult efectuat,none
Дата рождения - 14.05.1980,birth_date
Gen - F,gender
Notă: pacient colaborativ,none
Diabet: Nu,none
Tratament curent: Paracetamol 500mg,none
Grupa sanguină: A+,none
Notă: pacient colaborativ,none
Полис - CNP 867000174202349,insurance_number
"Адрес:  Str. Mihai Viteazul 89, Bălți",address
Nume: Stoica,last_name
Prenume : Adrian,first_name
Asigurare - MD858440520939303,insurance_number
Gen:  мужской,gender
Пол : мужской,gender
Gen: male,gender
Nume și prenume: Stoica Paul,full_name
+373 772980385,phone
Ultima vizită: 2024-05-10,none
daniela.stanescu@hospital.md,email
Nume:  Constantinescu,last_name
"Адрес:  Str. 1 Decembrie 189, București",address
CNP: CNP 238329242864827,insurance_number
Nume complet:  Vasile Andreea,full_name
Diabet: Nu,none
"Domiciliu : Bd. Unirii 128, Chișinău",address
Nume complet - Moldovan Diana,full_name
Data nasterii:  1983-04-08,birth_date
340829203617470,insurance_number
mihai.ciobanu@yahoo.com,email
RO247164372898400,insurance_number
Data nasterii - 11/9/1999,birth_date
Fumător: Nu,none
Rețetă eliberată,none
Nume:  Dumitrescu,last_name
"Str. Ștefan cel Mare 95, Brașov",address
Пол - Masculin,gender
Nume:  Florea,last_name
prenumele:  Dan,first_name
Consult efectuat,none
Recomandare: Revenire peste 7 zile.,none
Grupa sanguină: A+,none
Asigurare - CNP 664465521482288,insurance_number
Tudor Adrian,full_name
Fumător: Nu,none
Пациент:  Ionescu Cristian,full_name
Фамилия : Tudor,last_name
Пол:  M,gender
"Adresa : Str. 1 Decembrie 39, Iași",address
Data nașterii: 27.11.1951,birth_date
"Str. 1 Decembrie 67, Chișinău",address
RO603989920576650,insurance_number
Пол: женский,gender
E-mail - andreea.constantinescu@hospital.md,email
Имя: Ioana,first_name
Nume și prenume: Preda Andrei,full_name
Notă: pacient colaborativ,none
"Str. Mihai Eminescu 199, Chișinău",address
Пациент - Vasile Ioana,full_name
Имя : Adrian,first_name
Preda Simona,full_name
Asigurare : RO386801045612363,insurance_number
Mail:  laura.enache@mail.md,email
Mobil:  +7 986775659,phone
Tel:  0715425057,phone
Пол - мужской,gender
Mail : vlad.florea@mail.md,email
Data nasterii:  1952-09-06,birth_date
Gen : female,gender
Эл. почта:  george.preda@yahoo.com,email
Ultima vizită: 2024-05-10,none
28/5/2009,birth_date
prenumele - Cosmin,first_name
MD980040080558076,insurance_number
monica.marinescu@hospital.md,email
Fumător: Nu,none
Nume și prenume : Constantinescu Diana,full_name
Născut: 1956-06-15,birth_date
prenumele: Paul,first_name
E-mail - george.tudor@gmail.com,email
Пациент:  Vasile Raluca,full_name
Notă: pacient colaborativ,none
Tratament curent: Paracetamol 500mg,none
"Адрес:  Bd. Unirii 196, Iași",address
"Str. 1 Decembrie 61, Galați",address
Имя : Gabriel,first_name
Пол - male,gender
Фамилия:  Georgescu,last_name
Grupa sanguină: A+,none
Gen - male,gender
Data nașterii : 1976-08-13,birth_date
Pacientul nu prezintă simptome acute.,none
Gen : female,gender
"Domiciliu : Str. Libertății 106, Cluj-Napoca",address
Născut: 19/2/1968,birth_date
Пациент:  Stanescu Ioana,full_name
simona.constantinescu@hospital.md,email
Născut:  14.03.1993,birth_date
ana.ciobanu@hospital.md,email
Nume complet : Stanescu Dan,full_name
Ultima vizită: 2024-05-10,none
CNP 909239584433556,insurance_number
Prenume: Cristina,first_name
Gen : male,gender
Observații: bun general,none
elena.moldovan@yahoo.com,email
Ultima vizită: 2024-05-10,none
0752252354,phone
"Domiciliu : Bd. Unirii 97, Chișinău",address
Эл. почта:  elena.moldovan@gmail.com,email
maria.marinescu@hospital.md,email
"Адрес: Str. Florilor 30, Constanța",address
Email: paul.tudor@hospital.md,email
Telefon: +40 761119548,phone
+373 796851348,phone
Фамилия : Moldovan,last_name
Tel : +40 754367386,phone
Пол:  Masculin,gender
Пол: M,gender
Mail:  george.munteanu@yahoo.com,email
Polis - CNP 428525135741399,insurance_number
Consultat astăzi la ora 10:00 de Dr. Popescu.,none
Nume și prenume - Preda Ion,full_name
1967-07-12,birth_date
Nume și prenume:  Dumitrescu Oana,full_name
"Domiciliu : Str. Florilor 115, Chișinău",address
laura.stanescu@hospital.md,email
DOB : 1957-08-23,birth_date
"Str. Mihai Eminescu 50, București",address
Numele - Stanescu,last_name
paul.ciobanu@hospital.md,email
Prenume : Vlad,first_name
Tratament curent: Paracetamol 500mg,none
Prenume : Ana,first_name
Mobil - 0796965116,phone
Фамилия: Popescu,last_name
Пациент : Radu Raluca,full_name
Mail:  vlad.preda@yahoo.com,email
Эл. почта : george.marinescu@mail.md,email
Fumător: Nu,none
Имя : Gabriel,first_name
Nume de familie - Vasile,last_name
Prenume:  Laura,first_name
Пол: Masculin,gender
"Investigații recomandate: analize sânge, ECG.",none
Tel : +7 956017729,phone
Moldovan Ion,full_name
Tratament curent: Paracetamol 500mg,none
Ultima vizită: 2024-05-10,none
Пациент: Tudor Cosmin,full_name
Mobil: +40 732032560,phone
1946-01-16,birth_date
Data nașterii:  11/7/1964,birth_date
Nume complet : Constantinescu Alexandru,full_name
Fumător: Nu,none
"Адрес: Bd. Unirii 47, Galați",address
Эл. почта: diana.moldovan@gmail.com,email
Observații: bun general,none
Имя:  Maria,first_name
Mobil:  0759886371,phone
Имя - Simona,first_name
"Str. 1 Decembrie 48, Timișoara",address
Rețetă eliberată,none
simona.popescu@mail.md,email
18.08.1985,birth_date
DOB : 13/8/1993,birth_date
Имя : Raluca,first_name
prenumele: Florin,first_name
Nume - Munteanu,last_name
Nume - Dumitrescu,last_name
Consult efectuat,none
Имя : Ana,first_name
2/5/1993,birth_date
Пациент:  Dumitrescu Raluca,full_name
E-mail : maria.tudor@mail.md,email
Nume și prenume - Popescu Marius,full_name
Mail - monica.vasile@mail.md,email
Grupa sanguină: A+,none
Popescu Ioana,full_name
Popa Laura,full_name
DOB:  1976-02-25,birth_date
prenumele : Laura,first_name
"Adresă - Str. 1 Decembrie 140, Galați",address
Nume și prenume:  Stoica Diana,full_name
RO736443889617647,insurance_number
vlad.moldovan@hospital.md,email
Observații: bun general,none
prenumele - Elena,first_name
gabriel.preda@yahoo.com,email
Observații: bun general,none
RO156442498114476,insurance_number
Tel:  +40 725397719,phone
Fumător: Nu,none
Ultima vizită: 2024-05-10,none
"Адрес : Str. Florilor 49, Oradea",address
Sex : F,gender
Nume - Munteanu,last_name
Numele - Popa,last_name
diana.enache@mail.md,email
Popescu Adrian,full_name
Dumitrescu Oana,full_name
Tel:  0758249394,phone
Stanescu Marius,full_name
Телефон:  +40 783454998,phone
Consultat astăzi la ora 10:00 de Dr. Popescu.,none
Preda Ion,full_name
CNP 533403703540385,insurance_number
+40 732420574,phone
Mobil:  +373 759099345,phone
Pacientul nu prezintă simptome acute.,none
"Investigații recomandate: analize sânge, ECG.",none
Фамилия : Ciobanu,last_name
RO997031442609422,insurance_number
Consult efectuat,none
Numele : Vasile,last_name
"Adresă : Str. Libertății 198, Constanța",address
"Domiciliu - Bd. Dacia 130, Cluj-Napoca",address
Observații: bun general,none
Tel:  +40 727368573,phone
Эл. почта: mihai.moldovan@mail.md,email
DOB - 27.11.1974,birth_date
Preda Cosmin,full_name
"Str. Libertății 134, Chișinău",address
Polis:  MD154495632231140,insurance_number
Data nașterii: 04.11.2003,birth_date
Sex : Masculin,gender
Эл. почта : ioana.ciobanu@gmail.com,email
prenumele: Ioana,first_name
Email:  ana.stoica@hospital.md,email
prenumele - Gabriel,first_name
Email:  alexandru.radu@mail.md,email
Ultima vizită: 2024-05-10,none
Nr. asigurare : RO9543012026420,insurance_number
"Domiciliu : Str. Mihai Viteazul 58, Oradea",address
Diabet: Nu,none
Tratament curent: Paracetamol 500mg,none
"Адрес : Str. Libertății 94, Timișoara",address
Consult efectuat,none
Telefon: +40 791094790,phone
Ultima vizită: 2024-05-10,none
Nume complet : Tudor Diana,full_name
Пол: Masculin,gender
DOB - 2003-07-17,birth_date
Пациент - Popa Andrei,full_name
MD640207530303754,insurance_number
Sex:  M,gender
alexandru.stanescu@hospital.md,email
Consult efectuat,none
"Adresa:  Str. Florilor 77, București",address
"Адрес : Str. Ștefan cel Mare 125, Bălți",address
"Str. 1 Decembrie 125, Iași",address
Эл. почта : andrei.stoica@gmail.com,email
Фамилия:  Popa,last_name
Data nasterii:  5/8/1992,birth_date
"Адрес: Str. Mihai Viteazul 44, București",address
Nume de familie:  Vasile,last_name
ion.ciobanu@mail.md,email
Rețetă eliberată,none
7/1/1967,birth_date
Эл. почта - cristina.ionescu@yahoo.com,email
"Str. Libertății 17, Bălți",address
Дата рождения : 1963-05-08,birth_date
Nume și prenume:  Constantinescu Mihai,full_name
"Адрес - Str. Florilor 197, Galați",address
Data nasterii:  2005-10-17,birth_date
10/8/1975,birth_date
Nume de familie:  Constantinescu,last_name
Moldovan Mihai,full_name
Polis: 95548931983646,insurance_number
Имя - Mihai,first_name
Florea Raluca,full_name
Diabet: Nu,none
Дата рождения:  13.01.1972,birth_date
cristian.stanescu@yahoo.com,email
Имя: Cristian,first_name
Rețetă eliberată,none
"Str. Mihai Viteazul 180, Timișoara",address
Vasile Andrei,full_name
Născut: 24.04.1954,birth_date
Email:  maria.stanescu@hospital.md,email
Notă: pacient colaborativ,none
0713994712,phone
Prenume - Cosmin,first_name
Asigurare - 981004023945285,insurance_number
Имя: Ioana,first_name
Diabet: Nu,none
"Адрес : Str. Mihai Viteazul 148, Brașov",address
Фамилия - Vasile,last_name
Tel:  +7 979323646,phone
+40 792887892,phone
CNP:  639680706793430,insurance_number
"Str. Mihai Viteazul 198, Brașov",address
Имя: Andrei,first_name
Tel - 0736082023,phone
Consultat astăzi la ora 10:00 de Dr. Popescu.,none
Mobil - +7 940272606,phone
Prenume : George,first_name
vlad.enache@gmail.com,email
Născut: 17.01.1974,birth_date
Эл. почта : george.vasile@gmail.com,email
Consult efectuat,none
Дата рождения:  23/10/1983,birth_date
Sex : F,gender
Consult efectuat,none
E-mail:  diana.radu@mail.md,email
Prenume : Cristina,first_name
Полис : CNP 916670647257950,insurance_number
"Investigații recomandate: analize sânge, ECG.",none
MD814405083373978,insurance_number
Consult efectuat,none
Телефон:  +373 792050405,phone
Имя - Cristina,first_name
Пол : мужской,gender
Mail:  cristina.stoica@mail.md,email
Nume și prenume - Tudor Ana,full_name
Sex : female,gender
"Str. Florilor 103, Oradea",address
Ultima vizită: 2024-05-10,none
Polis:  RO350131046588991,insurance_number
maria.popescu@yahoo.com,email
Tratament curent: Paracetamol 500mg,none
"Адрес: Str. Mihai Eminescu 68, Timișoara",address
Născut - 1949-02-24,birth_date
Numele: Stoica,last_name
Sex:  M,gender
CNP - RO166921402873454,insurance_number
Фамилия - Ciobanu,last_name
Fumător: Nu,none
1947-06-20,birth_date
Имя: Mihai,first_name
Radu Laura,full_name
Rețetă eliberată,none
prenumele:  Cristian,first_name
Nume complet : Ionescu Dan,full_name
"Investigații recomandate: analize sânge, ECG.",none
Email : adrian.dumitrescu@yahoo.com,email
Nr. asigurare - MD36285855552000,insurance_number
Sex - Masculin,gender
Ultima vizită: 2024-05-10,none
alexandru.tudor@mail.md,email
Consultat astăzi la ora 10:00 de Dr. Popescu.,none
Nume complet : Marinescu Simona,full_name
RO102576575602563,insurance_number
"Адрес - Str. Ștefan cel Mare 199, Bălți",address
+373 726198473,phone
Diabet: Nu,none
Nume complet:  Popa Dan,full_name
Email - laura.enache@gmail.com,email
08.02.2005,birth_date
prenumele : Mihai,first_name
Mobil - +373 799031246,phone
Пациент - Preda Ioana,full_name
Data nasterii:  03.09.2002,birth_date
Телефон : +40 721746856,phone
Gen : мужской,gender
+373 764215650,phone
E-mail : andreea.vasile@gmail.com,email
Rețetă eliberată,none
"Адрес : Str. Libertății 199, Iași",address
Prenume: Mihai,first_name
Фамилия : Moldovan,last_name
Data nasterii: 2003-03-11,birth_date
Фамилия:  Popa,last_name
"Адрес : Str. Mihai Eminescu 124, Bălți",address
Consultat astăzi la ora 10:00 de Dr. Popescu.,none
Пациент: Popa Radu,full_name
Имя:  Ioana,first_name
"Adresa: Str. 1 Decembrie 137, Chișinău",address
DOB : 14/11/1962,birth_date
Nume:  Marinescu,last_name
28/10/1946,birth_date
Полис: 92898929674351,insurance_number
"Str. Libertății 171, Timișoara",address
Asigurare: CNP 200691909933004,insurance_number
gabriel.marinescu@gmail.com,email
Tratament curent: Paracetamol 500mg,none
cosmin.georgescu@gmail.com,email
Mobil:  0722475714,phone
DOB - 1986-03-28,birth_date
Gen : M,gender
1966-06-26,birth_date
Nume complet: Popescu Radu,full_name
Tel - 0764920799,phone
Имя - Mihaela,first_name
Observații: bun general,none
Alergii cunoscute: penicilină.,none
prenumele - Laura,first_name
E-mail:  cristian.enache@hospital.md,email
Data nașterii - 14/8/2010,birth_date
"Адрес : Str. 1 Decembrie 2, Galați",address
Nume și prenume:  Dumitrescu Maria,full_name
Gen : мужской,gender
Născut: 1956-12-28,birth_date
Numele: Stoica,last_name
Florea Ana,full_name
228530143144316,insurance_number
"Адрес - Str. Mihai Eminescu 46, Bălți",address
Pacientul nu prezintă simptome acute.,none
Gen - M,gender
04.10.1997,birth_date
Mail: elena.tudor@yahoo.com,email
Consult efectuat,none
Nume de familie:  Popa,last_name
Născut: 1974-02-25,birth_date
"Str. Mihai Eminescu 90, Chișinău",address
Recomandare: Revenire peste 7 zile.,none
Фамилия:  Preda,last_name
Gen : Masculin,gender
Nume și prenume:  Munteanu Ana,full_name
ion.ionescu@hospital.md,email
Фамилия : Enache,last_name
CNP 628757810730435,insurance_number
Nume de familie - Stanescu,last_name
Пол : мужской,gender
Mail : andreea.munteanu@gmail.com,email
Munteanu Monica,full_name
Telefon : +373 746772637,phone
Sex : M,gender
Născut - 2008-03-25,birth_date
0731287665,phone
Дата рождения : 1962-12-13,birth_date
Diabet: Nu,none
Mail:  raluca.constantinescu@yahoo.com,email
"Str. Florilor 169, Cluj-Napoca",address
Pacientul nu prezintă simptome acute.,none
Polis: 916389001552462,insurance_number
Numele : Tudor,last_name
E-mail:  mihaela.stanescu@yahoo.com,email
Fumător: Nu,none
Nume: Radu,last_name
Popa Laura,full_name
"Adresă - Str. Libertății 173, Chișinău",address
Nume complet : Munteanu Ana,full_name
"Str. Florilor 163, Brașov",address
Născut:  3/2/1963,birth_date
Полис : RO317742084622102,insurance_number
Mail:  maria.georgescu@mail.md,email
Grupa sanguină: A+,none
Rețetă eliberată,none
"Adresa: Str. Mihai Eminescu 12, Iași",address
Mobil: +7 998813650,phone
prenumele:  Ion,first_name
"Адрес:  Str. Libertății 52, Galați",address
Полис: MD945217291738451,insurance_number
Diabet: Nu,none
1976-05-15,birth_date
Pacientul nu prezintă simptome acute.,none
"Adresă:  Str. Mihai Eminescu 81, Bălți",address
prenumele : Radu,first_name
1983-10-27,birth_date
Polis: 465051254978515,insurance_number
"Адрес : Str. Mihai Eminescu 142, Iași",address
Sex: мужской,gender
Născut: 06.06.1947,birth_date
02.11.1980,birth_date
CNP 772100509318003,insurance_number
Email: daniela.georgescu@hospital.md,email
Stoica Raluca,full_name
"Adresă - Bd. Dacia 27, Cluj-Napoca",address
Mail: raluca.popa@hospital.md,email
"Bd. Dacia 22, Constanța",address
MD486613535099147,insurance_number
Data nașterii:  12.06.1991,birth_date
Nume de familie : Florea,last_name
Recomandare: Revenire peste 7 zile.,none
Пол - Feminin,gender
Mail : mihai.popescu@gmail.com,email
Email : monica.marinescu@hospital.md,email
DOB:  06.02.1948,birth_date
+40 745950066,phone
6/7/2007,birth_date
Prenume:  Paul,first_name
Email : ioana.marinescu@gmail.com,email
"Bd. Dacia 32, Constanța",address
4/8/1950,birth_date
1954-02-18,birth_date
Имя - Oana,first_name
Телефон : 0712715612,phone
"Investigații recomandate: analize sânge, ECG.",none
Observații: bun general,none
Notă: pacient colaborativ,none
Email - laura.munteanu@hospital.md,email
Mobil:  +373 780368504,phone
Tratament curent: Paracetamol 500mg,none
Полис: MD934377421268531,insurance_number
Mail : ana.florea@mail.md,email
Vasile Mihaela,full_name
Consultat astăzi la ora 10:00 de Dr. Popescu.,none
RO331598599039804,insurance_number
Фамилия - Vasile,last_name
RO435087777671668,insurance_number
"Adresa: Str. 1 Decembrie 134, Galați",address
Sex: мужской,gender
Alergii cunoscute: penicilină.,none
Observații: bun general,none
Grupa sanguină: A+,none
Alergii cunoscute: penicilină.,none
MD967946298072961,insurance_number
0795320264,phone
Radu Adrian,full_name
Prenume:  Ion,first_name
Enache Diana,full_name
Grupa sanguină: A+,none
Pacientul nu prezintă simptome acute.,none
Născut: 15.02.1975,birth_date
Nume complet : Munteanu Daniela,full_name
Mail : mihai.marinescu@hospital.md,email
Consult efectuat,none
Polis:  CNP 950315788639611,insurance_number
Nume și prenume:  Florea Cristian,full_name
cosmin.moldovan@hospital.md,email
Tratament curent: Paracetamol 500mg,none
Nume: Marinescu,last_name
Radu Elena,full_name
"Domiciliu:  Str. Florilor 6, Brașov",address
+40 724212564,phone
Gen - female,gender
Nume de familie: Radu,last_name
Имя : Alexandru,first_name
Дата рождения : 23/6/2003,birth_date
cristina.enache@hospital.md,email
Эл. почта : laura.popa@hospital.md,email
Mobil : 0783509785,phone
Moldovan Radu,full_name
mihaela.vasile@yahoo.com,email
Nume de familie:  Vasile,last_name
Observații: bun general,none
657484172211448,insurance_number
+40 712433447,phone
Asigurare:  MD382936806097019,insurance_number
prenumele:  George,first_name
Mail - andrei.popescu@yahoo.com,email
Notă: pacient colaborativ,none
Stanescu Marius,full_name
MD971842371604197,insurance_number
simona.preda@gmail.com,email
Asigurare: RO610832136080194,insurance_number
Nume complet : Georgescu Diana,full_name
"Domiciliu : Str. Florilor 199, Bălți",address
Sex: Masculin,gender
Polis : CNP 650695484173613,insurance_number
"Adresa:  Str. Libertății 7, Chișinău",address
Фамилия: Florea,last_name
Mobil - +373 779429969,phone
Nume de familie - Stoica,last_name
Полис - CNP 670124077144698,insurance_number
"Bd. Dacia 144, Oradea",address
Asigurare - RO569700253038550,insurance_number
Эл. почта : paul.moldovan@yahoo.com,email
Mobil - +40 716136213,phone
Data nasterii:  1984-09-22,birth_date
Пол: male,gender
Observații: bun general,none
Marinescu Gabriel,full_name
"Adresa - Str. Ștefan cel Mare 74, Bălți",address
Numele: Radu,last_name
Sex - женский,gender
Observații: bun general,none
prenumele: Mihai,first_name
Sex : F,gender
"Адрес: Str. Florilor 47, Timișoara",address
Nr. asigurare:  MD518612404862989,insurance_number
Numele: Ionescu,last_name
Vasile Dan,full_name
Телефон : +40 711740164,phone
Nume complet: Marinescu Simona,full_name
+7 910884169,phone
Rețetă eliberată,none
Фамилия - Moldovan,last_name
DOB - 23/10/1971,birth_date
Data nasterii: 22/2/2004,birth_date
"Adresa: Bd. Dacia 168, Timișoara",address
Телефон : +373 732130289,phone
Data nasterii - 2009-07-27,birth_date
laura.vasile@yahoo.com,email
Dumitrescu George,full_name
prenumele: Adrian,first_name
Ultima vizită: 2024-05-10,none
Polis: RO876772100950393,insurance_number
Diabet: Nu,none
Nume și prenume - Georgescu Dan,full_name
"Адрес - Str. Florilor 102, Oradea",address
Moldovan Andreea,full_name
Observații: bun general,none
Diabet: Nu,none
"Adresa:  Str. Libertății 93, Galați",address
Nume complet : Preda Alexandru,full_name
Nr. asigurare : CNP 243350851804460,insurance_number
Tel : +40 773187139,phone
Пациент:  Ciobanu Andrei,full_name
DOB:  1998-08-22,birth_date
Prenume:  Elena,first_name
Gen:  F,gender
Fumător: Nu,none
Gen : мужской,gender
Пол: M,gender
Дата рождения : 26.04.1954,birth_date
Numele: Georgescu,last_name
Пол:  M,gender
Пациент : Moldovan Alexandru,full_name
E-mail:  monica.vasile@mail.md,email
"Investigații recomandate: analize sânge, ECG.",none
Observații: bun general,none
17/5/1990,birth_date
Эл. почта : cristian.ionescu@yahoo.com,email
Эл. почта - george.ionescu@yahoo.com,email
Sex : M,gender
Moldovan George,full_name
Asigurare : CNP 870489772130419,insurance_number
"Investigații recomandate: analize sânge, ECG.",none
Telefon - +40 747663633,phone
Fumător: Nu,none
Ultima vizită: 2024-05-10,none
"Adresă: Str. Libertății 170, Brașov",address
Фамилия - Constantinescu,last_name
Телефон - +7 924356130,phone
"Адрес: Bd. Unirii 108, Bălți",address
Mobil:  +7 995283260,phone
1984-06-21,birth_date
Rețetă eliberată,none
MD948497005651257,insurance_number
Nr. asigurare : CNP 673581019994192,insurance_number
0770173215,phone
08.08.1972,birth_date
Numele:  Stoica,last_name
Rețetă eliberată,none
Numele : Ciobanu,last_name
Ultima vizită: 2024-05-10,none
Pacientul nu prezintă simptome acute.,none
Consultat astăzi la ora 10:00 de Dr. Popescu.,none
"Domiciliu:  Str. Florilor 139, Constanța",address
Sex:  Masculin,gender
Mail:  mihaela.dumitrescu@mail.md,email
8/9/1951,birth_date
"Adresa: Str. Mihai Viteazul 20, Timișoara",address
Nume și prenume: Constantinescu Vlad,full_name
DOB:  1979-10-05,birth_date
Dumitrescu Florin,full_name
Mobil:  0770737878,phone
Rețetă eliberată,none
"Domiciliu - Str. Ștefan cel Mare 117, Oradea",address
Tel: +40 736830448,phone
Nume: Munteanu,last_name
Data nasterii:  10/3/1968,birth_date
CNP:  RO728543240668535,insurance_number
CNP - CNP 900012173446351,insurance_number
Mail - raluca.ionescu@yahoo.com,email
Asigurare - RO920960912734161,insurance_number
Notă: pacient colaborativ,none
E-mail: mihaela.dumitrescu@mail.md,email
monica.florea@gmail.com,email
"Investigații recomandate: analize sânge, ECG.",none
1974-10-09,birth_date
DOB : 12.02.1956,birth_date
Gen - female,gender
Pacientul nu prezintă simptome acute.,none
Gen:  F,gender
Recomandare: Revenire peste 7 zile.,none
1993-06-04,birth_date
+7 979277190,phone
Фамилия:  Enache,last_name
Notă: pacient colaborativ,none
13.04.1987,birth_date
27.01.1991,birth_date
prenumele: Vlad,first_name
Дата рождения - 15/6/1995,birth_date
DOB : 1995-07-20,birth_date
Nr. asigurare - CNP 867358534122935,insurance_number
Телефон : 0727208745,phone
"Domiciliu - Str. Mihai Viteazul 14, Bălți",address
ioana.ciobanu@mail.md,email
Пациент : Dumitrescu Raluca,full_name
Născut - 1994-04-19,birth_date
Nume și prenume:  Constantinescu Vlad,full_name
0766278204,phone
"Адрес : Str. Mihai Viteazul 138, Chișinău",address
Pacientul nu prezintă simptome acute.,none
Mobil: +7 916241172,phone
CNP : MD83313833855913,insurance_number
Consult efectuat,none
Rețetă eliberată,none
Nume și prenume - Stanescu Raluca,full_name
prenumele: Cristina,first_name
andreea.florea@hospital.md,email
Polis : 300714296271285,insurance_number
"Адрес - Str. Mihai Viteazul 21, Chișinău",address
Sex - Feminin,gender
"Адрес - Bd. Unirii 152, Oradea",address
Фамилия: Popa,last_name
Пол: female,gender
Prenume:  Adrian,first_name
Ultima vizită: 2024-05-10,none
Telefon:  0781770706,phone
E-mail:  diana.florea@hospital.md,email
Sex:  female,gender
"Адрес : Str. Mihai Eminescu 29, Chișinău",address
Фамилия: Radu,last_name
Consult efectuat,none
Tel - 0797454571,phone
Фамилия : Moldovan,last_name
Ultima vizită: 2024-05-10,none
Nume:  Popa,last_name
mihaela.munteanu@hospital.md,email
DOB - 15/5/1987,birth_date
"Bd. Unirii 72, Brașov",address
Asigurare:  RO671122248092355,insurance_number
Grupa sanguină: A+,none
oana.enache@yahoo.com,email
"Adresa: Str. Mihai Viteazul 153, București",address
DOB: 10.07.1968,birth_date
Nume de familie:  Constantinescu,last_name
"Adresa: Str. Florilor 158, București",address
Телефон : 0788405961,phone
"Адрес - Str. Florilor 177, Oradea",address
1948-07-16,birth_date
Consult efectuat,none
Asigurare: CNP 170692734613615,insurance_number
"Investigații recomandate: analize sânge, ECG.",none
Эл. почта : mihaela.dumitrescu@hospital.md,email
Имя - Raluca,first_name
DOB - 16/2/1974,birth_date
Grupa sanguină: A+,none
Polis:  515151690186689,insurance_number
Дата рождения - 22.07.1966,birth_date
Sex: F,gender
"Investigații recomandate: analize sânge, ECG.",none
Эл. почта - laura.vasile@mail.md,email
Polis : MD211595910080326,insurance_number
marius.ciobanu@yahoo.com,email
Gen: male,gender
MD280502801772492,insurance_number
Gen : женский,gender
06.06.1976,birth_date
Nume și prenume: Vasile Ana,full_name
Nume:  Popescu,last_name
Pacientul nu prezintă simptome acute.,none
Radu Florin,full_name
Pacientul nu prezintă simptome acute.,none
Пол: Masculin,gender
03.02.1963,birth_date
Эл. почта: andreea.marinescu@mail.md,email
Observații: bun general,none
Nume și prenume: Tudor Oana,full_name
"Str. Ștefan cel Mare 62, Brașov",address
+7 929539994,phone
Telefon:  +373 791738839,phone
"Bd. Dacia 126, Constanța",address
1980-01-24,birth_date
Asigurare: RO704205834520762,insurance_number
Дата рождения : 27.10.1960,birth_date
Consult efectuat,none
Notă: pacient colaborativ,none
Nume complet - Ciobanu Paul,full_name
Имя - Elena,first_name
Nume - Constantinescu,last_name
Observații: bun general,none
Nume de familie : Marinescu,last_name
"Adresă: Str. Florilor 79, Brașov",address
+7 978901438,phone
Rețetă eliberată,none
"Str. Mihai Eminescu 76, Cluj-Napoca",address
Polis: 170808523264950,insurance_number
Полис - CNP 794444036394043,insurance_number
Prenume:  Florin,first_name
Notă: pacient colaborativ,none
Consultat astăzi la ora 10:00 de Dr. Popescu.,none
Эл. почта - florin.georgescu@gmail.com,email
E-mail - mihaela.georgescu@mail.md,email
Sex : Feminin,gender
Observații: bun general,none
Prenume - Radu,first_name
monica.moldovan@yahoo.com,email
Notă: pacient colaborativ,none
1969-04-26,birth_date
Grupa sanguină: A+,none
Telefon: +373 743810519,phone
Grupa sanguină: A+,none
Nume și prenume : Moldovan Paul,full_name
Notă: pacient colaborativ,none
Nume:  Preda,last_name
Popescu Ion,full_name
Nume:  Popa,last_name
Mobil - +373 726206227,phone
Prenume: Simona,first_name
"Str. Ștefan cel Mare 155, Chișinău",address
Observații: bun general,none
Diabet: Nu,none
Pacientul nu prezintă simptome acute.,none
Fumător: Nu,none
Polis : MD3979010957543,insurance_number
1/4/1970,birth_date
Gen:  female,gender
Ultima vizită: 2024-05-10,none
Născut: 17.12.2000,birth_date
Дата рождения: 1991-11-09,birth_date
Имя : Ana,first_name
Data nasterii : 1985-12-08,birth_date
Sex : F,gender
Ultima vizită: 2024-05-10,none
Gen - M,gender
1953-01-04,birth_date
Tratament curent: Paracetamol 500mg,none
Moldovan Vlad,full_name
CNP : CNP 34075069384640,insurance_number
oana.florea@hospital.md,email
prenumele : Elena,first_name
Nume : Stoica,last_name
Sex:  женский,gender
Fumător: Nu,none
Ultima vizită: 2024-05-10,none
Recomandare: Revenire peste 7 zile.,none
Sex:  Feminin,gender
Data nașterii : 02.02.2000,birth_date
+7 927603804,phone
"Domiciliu:  Bd. Dacia 31, Timișoara",address
Sex: female,gender
DOB: 01.12.1988,birth_date
Tratament curent: Paracetamol 500mg,none
Имя - Adrian,first_name
Notă: pacient colaborativ,none
Diabet: Nu,none
Numele - Popa,last_name
Recomandare: Revenire peste 7 zile.,none
Notă: pacient colaborativ,none
Stoica Cosmin,full_name
Фамилия: Popescu,last_name
Prenume:  Andrei,first_name
"Str. Florilor 1, Cluj-Napoca",address
Polis : RO796324546194957,insurance_number
Notă: pacient colaborativ,none
Alergii cunoscute: penicilină.,none
CNP: RO455085042036128,insurance_number
prenumele:  Dan,first_name
"Domiciliu: Bd. Unirii 15, Constanța",address
"Domiciliu - Str. Mihai Viteazul 121, Oradea",address
Имя: Laura,first_name
Email:  andreea.constantinescu@hospital.md,email
0784256721,phone
ana.georgescu@gmail.com,email
Телефон:  +40 788252116,phone
Sex - M,gender
Rețetă eliberată,none
Имя - Paul,first_name
Alergii cunoscute: penicilină.,none
Mail : elena.ionescu@gmail.com,email
"Adresa:  Str. Mihai Eminescu 177, Iași",address
Telefon:  0794695784,phone
Născut: 1976-03-22,birth_date
"Investigații recomandate: analize sânge, ECG.",none
"Str. Libertății 167, Chișinău",address
"Str. Florilor 6, Chișinău",address
"Adresa - Bd. Dacia 149, Cluj-Napoca",address
Пол: male,gender
Пол - male,gender
Notă: pacient colaborativ,none
Email: monica.popescu@yahoo.com,email
0730290817,phone
Пол: F,gender
Telefon - 0764711545,phone
"Str. Mihai Eminescu 45, Oradea",address
Фамилия:  Munteanu,last_name
"Adresa : Bd. Unirii 180, Galați",address
Gen:  M,gender
Asigurare: CNP 591392646468411,insurance_number
Nume și prenume: Ciobanu Cristina,full_name
Sex:  F,gender
Notă: pacient colaborativ,none
Пол: женский,gender
CNP:  RO796693877157373,insurance_number
CNP : 146046754853140,insurance_number
"Str. Libertății 192, Iași",address
+7 984304333,phone
Tratament curent: Paracetamol 500mg,none
CNP 891616198934844,insurance_number
Pacientul nu prezintă simptome acute.,none
Mobil: +373 787926229,phone
Nume și prenume : Vasile Oana,full_name
CNP 433094583583680,insurance_number
Эл. почта - dan.dumitrescu@yahoo.com,email
Observații: bun general,none
Recomandare: Revenire peste 7 zile.,none
Дата рождения:  5/9/2004,birth_date
Пол - F,gender
prenumele - Mihaela,first_name
Grupa sanguină: A+,none
+7 973530347,phone
Alergii cunoscute: penicilină.,none
Email:  diana.georgescu@yahoo.com,email
07.08.1946,birth_date
Notă: pacient colaborativ,none
Tratament curent: Paracetamol 500mg,none
Numele - Constantinescu,last_name
Имя - Laura,first_name
Alergii cunoscute: penicilină.,none
Diabet: Nu,none
Tratament curent: Paracetamol 500mg,none
"Adresa:  Str. Mihai Viteazul 119, Iași",address
Телефон: +373 713188066,phone
Pacientul nu prezintă simptome acute.,none
prenumele - Radu,first_name
"Investigații recomandate: analize sânge, ECG.",none
cristina.marinescu@gmail.com,email
Пациент - Stanescu Laura,full_name
Пациент: Marinescu Elena,full_name
Data nasterii:  21.02.1957,birth_date
"Adresa : Str. Ștefan cel Mare 91, Constanța",address
Asigurare : 947084584000221,insurance_number
Asigurare - CNP 51220263297961,insurance_number
prenumele - Elena,first_name
Gen: F,gender
cristina.ciobanu@yahoo.com,email
"Адрес:  Str. 1 Decembrie 38, Iași",address
560184154835767,insurance_number
Nume și prenume - Preda Simona,full_name
Consult efectuat,none
Nume de familie - Tudor,last_name
Email : cosmin.munteanu@yahoo.com,email
"Str. 1 Decembrie 192, Chișinău",address
mihai.popescu@hospital.md,email
Эл. почта - adrian.stanescu@mail.md,email
Telefon : +7 998807116,phone
"Domiciliu - Str. Mihai Viteazul 11, Bălți",address
Tratament curent: Paracetamol 500mg,none
+40 716767531,phone
Tel - 0751888314,phone
Ultima vizită: 2024-05-10,none
Nume de familie:  Vasile,last_name
"Str. Mihai Eminescu 116, Oradea",address
Asigurare:  MD442067425134749,insurance_number
Nume de familie: Georgescu,last_name
"Адрес: Bd. Dacia 188, Iași",address
"Adresa - Str. 1 Decembrie 129, Bălți",address
Pacientul nu prezintă simptome acute.,none
+40 780908408,phone
Пациент:  Vasile Cristina,full_name
+373 784736526,phone
Имя: Gabriel,first_name
1978-04-06,birth_date
Diabet: Nu,none
Sex - F,gender
"Domiciliu:  Bd. Dacia 191, Iași",address
Nume:  Ciobanu,last_name
Nume de familie - Georgescu,last_name
Nume și prenume:  Vasile Vlad,full_name
Prenume: Andrei,first_name
Эл. почта - cristian.munteanu@hospital.md,email
Pacientul nu prezintă simptome acute.,none
"Adresă:  Str. 1 Decembrie 17, Constanța",address
Consultat astăzi la ora 10:00 de Dr. Popescu.,none
DOB:  15/2/1956,birth_date
Mail - oana.moldovan@yahoo.com,email
0721311994,phone
Pacientul nu prezintă simptome acute.,none
Tratament curent: Paracetamol 500mg,none
Asigurare:  MD783494512741957,insurance_number
Эл. почта : oana.popa@yahoo.com,email
Телефон: +40 778654208,phone
Numele : Preda,last_name
Mobil : 0798062882,phone
Nr. asigurare : RO950415952497,insurance_number
2/1/1993,birth_date
Născut:  14/3/1983,birth_date
Prenume:  Dan,first_name
"Адрес : Str. Ștefan cel Mare 49, Brașov",address
Fumător: Nu,none
Numele - Radu,last_name
Data nasterii:  9/7/1983,birth_date
2008-05-02,birth_date
Gen - Masculin,gender
Consult efectuat,none
Rețetă eliberată,none
Nume de familie - Stanescu,last_name
+40 737566472,phone
Ionescu Adrian,full_name
Пациент : Stanescu Daniela,full_name
Полис : 708529133706503,insurance_number
Дата рождения - 15/2/1962,birth_date
Имя : Monica,first_name
Consultat astăzi la ora 10:00 de Dr. Popescu.,none
Prenume - Maria,first_name
Născut - 1/12/1988,birth_date
Notă: pacient colaborativ,none
prenumele - Simona,first_name
Sex - Feminin,gender
Mail:  mihai.dumitrescu@gmail.com,email
Alergii cunoscute: penicilină.,none
Prenume:  Dan,first_name
Ionescu Ioana,full_name
Telefon: +40 719742790,phone
prenumele:  Marius,first_name
Nume și prenume : Vasile Mihai,full_name
"Investigații recomandate: analize sânge, ECG.",none
Имя:  Elena,first_name
Observații: bun general,none
Nume și prenume:  Ciobanu Cristian,full_name
"Investigații recomandate: analize sânge, ECG.",none
Numele - Stoica,last_name
Născut - 04.10.1975,birth_date
Polis - CNP 717847772126600,insurance_number
Rețetă eliberată,none
14.07.1980,birth_date
Ultima vizită: 2024-05-10,none
prenumele : Daniela,first_name
Nume:  Preda,last_name
Mobil - +7 955748676,phone
Фамилия:  Stanescu,last_name
Nume și prenume: Vasile Gabriel,full_name
Nume și prenume : Stanescu Laura,full_name
Имя - Dan,first_name
Data nasterii : 25/5/1993,birth_date
Эл. почта: alexandru.stanescu@hospital.md,email
0768802221,phone
Recomandare: Revenire peste 7 zile.,none
"Investigații recomandate: analize sânge, ECG.",none
prenumele : Simona,first_name
+7 996420023,phone
Numele:  Moldovan,last_name
Пациент : Florea Radu,full_name
Ionescu Monica,full_name
Notă: pacient colaborativ,none
"Str. Florilor 175, Iași",address
Născut: 22.03.1985,birth_date
Email : diana.ionescu@mail.md,email
Prenume - Cristina,first_name
Numele:  Stanescu,last_name
Georgescu Mihaela,full_name
Email: raluca.constantinescu@hospital.md,email
Пол: male,gender
"Adresă: Str. Mihai Viteazul 69, Iași",address
"Adresă : Str. Ștefan cel Mare 188, Bălți",address
Născut: 2003-05-11,birth_date
Gen:  female,gender
Gen - F,gender
Nr. asigurare - MD199369370966391,insurance_number
Ultima vizită: 2024-05-10,none
Prenume - Florin,first_name
E-mail:  laura.dumitrescu@yahoo.com,email
Georgescu Ana,full_name
Pacientul nu prezintă simptome acute.,none
Polis:  CNP 202434075426941,insurance_number
Mail - oana.florea@hospital.md,email
Nume:  Tudor,last_name
Sex:  female,gender
Nume și prenume : Preda Alexandru,full_name
Consultat astăzi la ora 10:00 de Dr. Popescu.,none
"Adresa : Bd. Dacia 176, Iași",address
Gen:  F,gender
Nume și prenume: Moldovan Simona,full_name
Polis : CNP 429602552712075,insurance_number
Numele:  Munteanu,last_name
+40 782133102,phone
Telefon: +40 765938669,phone
Prenume : Adrian,first_name
"Str. Mihai Eminescu 133, Timișoara",address
Nume de familie : Florea,last_name
Alergii cunoscute: penicilină.,none
Пациент - Popa George,full_name
+7 940626070,phone
Născut : 1978-12-22,birth_date
Tel:  0779878835,phone
Tel - +7 983245898,phone
Alergii cunoscute: penicilină.,none
Pacientul nu prezintă simptome acute.,none
Mail:  daniela.stanescu@mail.md,email
1948-06-03,birth_date
Tel: 0737380537,phone
Sex: Masculin,gender
Ultima vizită: 2024-05-10,none
"Adresa: Bd. Dacia 170, Constanța",address
Sex - мужской,gender
Эл. почта:  marius.moldovan@gmail.com,email
Sex:  F,gender
Prenume: Florin,first_name
Фамилия:  Tudor,last_name
Телефон: 0747108953,phone
Numele: Vasile,last_name
CNP : MD782557077958125,insurance_number
"Adresa: Bd. Unirii 121, Oradea",address
Prenume - Dan,first_name
"Адрес: Str. 1 Decembrie 24, Iași",address
Observații: bun general,none
Recomandare: Revenire peste 7 zile.,none
Numele: Vasile,last_name
Nume:  Popescu,last_name
Consultat astăzi la ora 10:00 de Dr. Popescu.,none
Имя - Elena,first_name
Diabet: Nu,none
"Domiciliu:  Str. Libertății 32, Timișoara",address
E-mail: oana.radu@hospital.md,email
Stoica Vlad,full_name
monica.tudor@hospital.md,email
Polis : 866356648592874,insurance_number
Пол: Feminin,gender
Alergii cunoscute: penicilină.,none
Data nasterii : 26.08.2003,birth_date
Polis: MD664636252698026,insurance_number
Telefon: 0796481420,phone
adrian.enache@yahoo.com,email
Nume - Popescu,last_name
Ultima vizită: 2024-05-10,none
Gen - мужской,gender
Nume - Georgescu,last_name
Полис - CNP 860028070544503,insurance_number
Fumător: Nu,none
Sex: мужской,gender
1969-09-06,birth_date
Mail : monica.marinescu@mail.md,email
Телефон:  +7 968119636,phone
prenumele - Laura,first_name
Stoica George,full_name
Nume și prenume:  Georgescu Elena,full_name
Имя:  Laura,first_name
15.10.1960,birth_date
Născut : 15/4/2006,birth_date
Numele: Constantinescu,last_name
Prenume : Daniela,first_name
Фамилия - Stoica,last_name
Email:  oana.popescu@gmail.com,email
"Адрес:  Str. Florilor 44, Timișoara",address
Эл. почта: radu.ionescu@gmail.com,email
Пол:  Masculin,gender
prenumele: George,first_name
"Str. Mihai Viteazul 117, Constanța",address
"Domiciliu:  Bd. Dacia 186, Brașov",address
Nume de familie:  Munteanu,last_name
Nr. asigurare - MD865991729152090,insurance_number
Prenume - Florin,first_name
Data nasterii : 1992-03-04,birth_date
Пол: F,gender
Polis:  931818952621138,insurance_number
prenumele: Diana,first_name
Полис - RO920482953417539,insurance_number
"Investigații recomandate: analize sânge, ECG.",none
Numele: Ionescu,last_name
Полис:  CNP 497506003351575,insurance_number
Asigurare:  RO327836669104698,insurance_number
Pacientul nu prezintă simptome acute.,none
Stoica Andreea,full_name
Nume de familie:  Marinescu,last_name
Nr. asigurare - CNP 8365897947683,insurance_number
Имя : Radu,first_name
Nume și prenume : Preda Adrian,full_name
Consultat astăzi la ora 10:00 de Dr. Popescu.,none
Пациент: Constantinescu Ion,full_name
Nume complet: Preda Daniela,full_name
Radu Alexandru,full_name
Diabet: Nu,none
Tratament curent: Paracetamol 500mg,none
Ultima vizită: 2024-05-10,none
raluca.munteanu@gmail.com,email
Эл. почта : simona.stoica@hospital.md,email
E-mail : ion.dumitrescu@yahoo.com,email
vlad.vasile@gmail.com,email
Пол : Feminin,gender
Ultima vizită: 2024-05-10,none
Numele - Moldovan,last_name
E-mail : vlad.popescu@gmail.com,email
Полис:  MD652289455970054,insurance_number
Эл. почта:  marius.popa@yahoo.com,email
E-mail:  alexandru.dumitrescu@mail.md,email
Эл. почта:  maria.ciobanu@mail.md,email
Născut - 1964-11-09,birth_date
Data nașterii : 20/10/1995,birth_date
Ciobanu Andreea,full_name
Prenume - Paul,first_name
Nume de familie : Stoica,last_name
Georgescu Ioana,full_name
Nume de familie:  Munteanu,last_name
"Str. 1 Decembrie 1, Brașov",address
Gen:  Feminin,gender
Телефон : 0727457234,phone
RO622520753460834,insurance_number
Имя:  Florin,first_name
20.11.2000,birth_date
Recomandare: Revenire peste 7 zile.,none
Tratament curent: Paracetamol 500mg,none
oana.stanescu@mail.md,email
Пациент - Tudor Paul,full_name
Имя - Ioana,first_name
Полис : RO560281453618415,insurance_number
+40 766640491,phone
Polis : RO542157214009524,insurance_number
Эл. почта:  gabriel.marinescu@yahoo.com,email
Nr. asigurare:  CNP 47094355250186,insurance_number
Asigurare - CNP 70925464702688,insurance_number
Telefon - 0775211190,phone
Consultat astăzi la ora 10:00 de Dr. Popescu.,none
Пол : F,gender
Полис: MD372126389750616,insurance_number
Телефон : 0775360192,phone
prenumele: Laura,first_name
Pacientul nu prezintă simptome acute.,none
Notă: pacient colaborativ,none
0754910261,phone
Tel:  0799081734,phone
Tel: +373 717871385,phone
Mobil:  0746160937,phone
Телефон : +40 727536261,phone
+373 775278845,phone
Телефон:  +373 773697356,phone
Mobil:  +373 728546206,phone
Email - alexandru.ionescu@gmail.com,email
CNP : CNP 719202188839705,insurance_number
Телефон: +373 728036919,phone
Nume complet - Popa Gabriel,full_name
"Adresă - Str. Mihai Viteazul 77, Cluj-Napoca",address
Email : cristina.munteanu@hospital.md,email
Recomandare: Revenire peste 7 zile.,none
paul.marinescu@mail.md,email
Ultima vizită: 2024-05-10,none
"Адрес - Bd. Unirii 184, Chișinău",address
Asigurare : RO961326974372836,insurance_number
CNP: RO79277819536459,insurance_number
Observații: bun general,none
1957-08-20,birth_date
"Адрес:  Str. Mihai Viteazul 83, Iași",address
"Str. Mihai Viteazul 64, Oradea",address
Georgescu Diana,full_name
Mobil - +373 749483865,phone
Эл. почта:  raluca.dumitrescu@hospital.md,email
+373 713143613,phone
Nume : Munteanu,last_name
Tudor Mihai,full_name
Consultat astăzi la ora 10:00 de Dr. Popescu.,none
Nr. asigurare: RO559734513314609,insurance_number
Data nașterii : 16/10/2005,birth_date
Dumitrescu Ioana,full_name
Data nasterii: 1994-05-02,birth_date
MD993668629593532,insurance_number
prenumele : Oana,first_name
Ultima vizită: 2024-05-10,none
Mobil : +373 725278272,phone
"Str. 1 Decembrie 123, Bălți",address
Rețetă eliberată,none
1987-01-11,birth_date
Nume și prenume:  Ionescu Cristian,full_name
Popescu Cosmin,full_name
Telefon : +373 756150987,phone
"Адрес - Str. Mihai Eminescu 55, Galați",address
DOB : 2009-06-19,birth_date
Email: monica.popa@hospital.md,email
"Investigații recomandate: analize sânge, ECG.",none
"Adresa:  Str. Libertății 79, Galați",address
Эл. почта: cosmin.tudor@mail.md,email
Data nașterii : 2008-04-09,birth_date
Дата рождения : 1948-12-26,birth_date
Имя:  Laura,first_name
+373 773574016,phone
Consultat astăzi la ora 10:00 de Dr. Popescu.,none
Nume și prenume: Enache Laura,full_name
8/4/2008,birth_date
Nume - Ciobanu,last_name
Asigurare : 815599810660127,insurance_number
Tel: 0761186964,phone
Nume complet:  Vasile Daniela,full_name
Пол:  female,gender
Nume complet : Popa Florin,full_name
DOB:  15.03.1990,birth_date
Pacientul nu prezintă simptome acute.,none
Nume și prenume - Popa Ana,full_name
Nr. asigurare:  RO608697268019107,insurance_number
Gen: F,gender
alexandru.enache@yahoo.com,email
alexandru.ionescu@gmail.com,email
Vasile Florin,full_name
Полис : CNP 167597056468375,insurance_number
Consultat astăzi la ora 10:00 de Dr. Popescu.,none
Gen - Masculin,gender
prenumele:  Vlad,first_name
Пол: Feminin,gender
prenumele: Ion,first_name
1987-06-23,birth_date
E-mail - raluca.dumitrescu@yahoo.com,email
Grupa sanguină: A+,none
Пациент : Tudor Dan,full_name
Dumitrescu Cristian,full_name
Пациент:  Popa Andrei,full_name
Имя : Gabriel,first_name
925838245743856,insurance_number
"Str. Mihai Viteazul 178, Constanța",address
cristian.florea@yahoo.com,email
Nume : Georgescu,last_name
Gen - Masculin,gender
Născut:  1979-04-07,birth_date
Alergii cunoscute: penicilină.,none
"Adresă - Bd. Dacia 197, Galați",address
"Domiciliu - Str. 1 Decembrie 128, Timișoara",address
1999-08-13,birth_date
Rețetă eliberată,none
Grupa sanguină: A+,none
Nume complet - Tudor Ana,full_name
Gen: женский,gender
Numele - Ciobanu,last_name
CNP 857783245736628,insurance_number
Fumător: Nu,none
raluca.georgescu@hospital.md,email
Consultat astăzi la ora 10:00 de Dr. Popescu.,none
florin.dumitrescu@mail.md,email
Mobil: +373 799904987,phone
Numele : Georgescu,last_name
13/12/1992,birth_date
"Investigații recomandate: analize sânge, ECG.",none
Grupa sanguină: A+,none
"Investigații recomandate: analize sânge, ECG.",none
Alergii cunoscute: penicilină.,none
Prenume: Laura,first_name
CNP 876675820969983,insurance_number
Полис: 95031377979608,insurance_number
Nume și prenume: Ionescu Maria,full_name
prenumele: Laura,first_name
Nume complet: Moldovan Maria,full_name
Fumător: Nu,none
Пациент:  Popa Daniela,full_name
E-mail - marius.georgescu@gmail.com,email
Diabet: Nu,none
Телефон : +373 716615722,phone
Recomandare: Revenire peste 7 zile.,none
Фамилия: Vasile,last_name
Пациент : Ionescu Monica,full_name
Numele : Popa,last_name
Născut: 09.04.1981,birth_date
Эл. почта - radu.ionescu@yahoo.com,email
Născut : 09.08.1963,birth_date
Data nașterii : 1999-11-15,birth_date
"Domiciliu : Str. Mihai Viteazul 48, Galați",address
MD122315117810007,insurance_number
Consultat astăzi la ora 10:00 de Dr. Popescu.,none
Născut: 27.07.2008,birth_date
Observații: bun general,none
Data nasterii : 28/1/2002,birth_date
Născut:  12.05.1958,birth_date
Observații: bun general,none
Consult efectuat,none
Дата рождения: 19/11/1996,birth_date
Recomandare: Revenire peste 7 zile.,none
maria.stanescu@yahoo.com,email
Notă: pacient colaborativ,none
Născut : 25.07.1991,birth_date
Polis : RO501270163678290,insurance_number
0745005058,phone
Gen : F,gender
"Str. Libertății 97, Oradea",address
+7 963644191,phone
+40 785493830,phone
Пол: M,gender
Tel:  +7 932200132,phone
"Adresa: Str. Florilor 177, Oradea",address
Sex: Feminin,gender
Observații: bun general,none
643307116121182,insurance_number
Телефон:  +40 715063406,phone
CNP : MD26681483051037,insurance_number
Observații: bun general,none
Имя:  Monica,first_name
Телефон - 0734207075,phone
Data nașterii: 1956-06-03,birth_date
Телефон - +40 730629718,phone
Sex:  мужской,gender
Ciobanu Mihai,full_name
prenumele: Raluca,first_name
Numele: Moldovan,last_name
Consultat astăzi la ora 10:00 de Dr. Popescu.,none
"Adresa - Str. Florilor 43, Timișoara",address
Mail:  daniela.marinescu@yahoo.com,email
"Bd. Dacia 195, Iași",address
Tel:  0745450260,phone
Nume de familie:  Preda,last_name
"Adresă : Str. Mihai Eminescu 64, Iași",address
Asigurare:  726196193389176,insurance_number
Asigurare - CNP 827731322805550,insurance_number
Prenume - Adrian,first_name
"Bd. Unirii 121, Bălți",address
"Bd. Dacia 181, Oradea",address
451426033823901,insurance_number
Mobil : +373 744716747,phone
mihaela.dumitrescu@yahoo.com,email
Telefon: +7 965343143,phone
Nume și prenume:  Preda George,full_name
Mobil: +7 962016704,phone
Дата рождения: 28.02.2000,birth_date
"Str. Mihai Eminescu 3, București",address
Телефон - 0727969238,phone
Pacientul nu prezintă simptome acute.,none
Tratament curent: Paracetamol 500mg,none
Fumător: Nu,none
Пол - male,gender
Дата рождения:  1980-01-01,birth_date
Пациент - Tudor Cristian,full_name
Телефон - +40 711562947,phone
"Adresă - Str. Libertății 147, Iași",address
"Str. Mihai Viteazul 2, Iași",address
"Domiciliu - Str. Libertății 154, Galați",address
Mobil : +7 979831928,phone
Consult efectuat,none
daniela.marinescu@mail.md,email
Fumător: Nu,none
Rețetă eliberată,none
"Str. Florilor 190, Brașov",address
Sex:  female,gender
Дата рождения: 17.08.1991,birth_date
prenumele : Oana,first_name
Data nasterii:  1968-03-21,birth_date
Пол:  Feminin,gender
Telefon: +373 710294869,phone
Эл. почта:  raluca.stanescu@hospital.md,email
Asigurare : RO688181274168673,insurance_number
Fumător: Nu,none
Fumător: Nu,none
Email: monica.ionescu@yahoo.com,email
DOB: 1993-11-12,birth_date
paul.marinescu@mail.md,email
mihai.radu@yahoo.com,email
maria.ionescu@yahoo.com,email
Vasile Adrian,full_name
Email : dan.dumitrescu@hospital.md,email
Data nașterii - 25/7/1952,birth_date
Фамилия : Popescu,last_name
Prenume : Ana,first_name
Tel: 0743041067,phone
Nume și prenume: Ciobanu Elena,full_name
Tel - +373 723898777,phone
Data nasterii: 09.07.1950,birth_date
prenumele : Oana,first_name
Diabet: Nu,none
Consult efectuat,none
Mail: raluca.dumitrescu@gmail.com,email
Diabet: Nu,none
Фамилия: Ionescu,last_name
Mail:  daniela.popa@yahoo.com,email
MD726603233150954,insurance_number
Pacientul nu prezintă simptome acute.,none
Asigurare:  RO538913530892430,insurance_number
Полис: RO514424057592229,insurance_number
Mobil - +40 797966375,phone
Ultima vizită: 2024-05-10,none
Fumător: Nu,none
DOB : 28.02.1995,birth_date
"Bd. Dacia 186, Iași",address
Имя : Florin,first_name
+373 726506561,phone
Grupa sanguină: A+,none
Sex - F,gender
Fumător: Nu,none
"Bd. Dacia 97, Oradea",address
CNP:  MD734617389290855,insurance_number
Consult efectuat,none
Numele : Florea,last_name
Пациент:  Ciobanu Alexandru,full_name
Tratament curent: Paracetamol 500mg,none
Data nasterii - 21/5/1965,birth_date
Data nasterii - 08.03.1986,birth_date
Имя - Radu,first_name
Nume și prenume: Tudor Cristian,full_name
Nume complet : Enache Marius,full_name
Пациент: Popa Diana,full_name
Nume de familie:  Marinescu,last_name
Asigurare : 496044717085555,insurance_number
Sex:  M,gender
Телефон:  0766691738,phone
Пол : F,gender
Polis - MD156580367300177,insurance_number
daniela.florea@yahoo.com,email
Asigurare - MD41158488637463,insurance_number
Полис : MD421329183832651,insurance_number
+373 793462271,phone
Пациент: Preda Dan,full_name
Notă: pacient colaborativ,none
Notă: pacient colaborativ,none
Numele: Enache,last_name
"Bd. Unirii 142, Iași",address
"Str. Florilor 132, Chișinău",address
"Адрес: Str. Libertății 198, Brașov",address
"Investigații recomandate: analize sânge, ECG.",none
"Investigații recomandate: analize sânge, ECG.",none
Tel: +7 998654879,phone
MD930527277207903,insurance_number
0759987561,phone
Nume complet : Enache Mihaela,full_name
Mobil: 0780517332,phone
Consult efectuat,none
Mobil: 0750446607,phone
Пол : женский,gender
"Domiciliu:  Str. Ștefan cel Mare 119, București",address
Ultima vizită: 2024-05-10,none
Prenume - Diana,first_name
Имя: Florin,first_name
DOB: 01.02.1978,birth_date
prenumele - Dan,first_name
"Domiciliu:  Str. 1 Decembrie 18, Iași",address
Mobil: +373 718806960,phone
E-mail - dan.popa@hospital.md,email
Asigurare:  822089134596465,insurance_number
Tel:  +7 922340723,phone
Dumitrescu Monica,full_name
Mobil : +40 778038903,phone
19.03.1953,birth_date
"Adresa: Str. Mihai Eminescu 141, Constanța",address
Фамилия:  Ionescu,last_name
Stoica Simona,full_name
Consult efectuat,none
Фамилия - Tudor,last_name
Observații: bun general,none
Mail : oana.enache@gmail.com,email
"Адрес: Bd. Dacia 68, Cluj-Napoca",address
Пол - M,gender
Gen: male,gender
11/6/1971,birth_date
Observații: bun general,none
Email : paul.stanescu@mail.md,email
"Str. Libertății 189, Brașov",address
andreea.ciobanu@mail.md,email
Nume de familie: Vasile,last_name
Sex : Feminin,gender
Имя:  Alexandru,first_name
Email:  daniela.dumitrescu@hospital.md,email
Nume complet : Georgescu Gabriel,full_name
Născut - 1988-08-19,birth_date
MD371833474019516,insurance_number
prenumele - Adrian,first_name
Email:  daniela.preda@gmail.com,email
Пациент - Marinescu Paul,full_name
Nume complet - Preda Raluca,full_name
Gen : Masculin,gender
Дата рождения : 3/7/2009,birth_date
Data nașterii:  18.04.1999,birth_date
Дата рождения: 04.04.1990,birth_date
ion.constantinescu@yahoo.com,email
Nume complet: Florea Alexandru,full_name
Fumător: Nu,none
MD555619052273175,insurance_number
E-mail : cristina.popa@gmail.com,email
21/11/1951,birth_date
Telefon:  +373 722090691,phone
Пациент: Marinescu Gabriel,full_name
Mobil : 0749402883,phone
Telefon - +373 739709238,phone
DOB: 28/6/1946,birth_date
21.11.1957,birth_date
Data nașterii - 1986-04-17,birth_date
Telefon - +40 771263503,phone
Эл. почта : mihai.georgescu@yahoo.com,email
590420102110354,insurance_number
Ultima vizită: 2024-05-10,none
"Str. Mihai Eminescu 165, Chișinău",address
Tel : 0767486445,phone
Observații: bun general,none
Эл. почта:  elena.florea@hospital.md,email
Prenume : Florin,first_name
Mail: gabriel.florea@hospital.md,email
CNP:  MD821783239624160,insurance_number
Nume:  Munteanu,last_name
Sex: female,gender
Prenume: Simona,first_name
"Investigații recomandate: analize sânge, ECG.",none
Nr. asigurare: 341538565690796,insurance_number
0731076551,phone
Nume complet : Munteanu Mihaela,full_name
prenumele:  Simona,first_name
Nume și prenume:  Munteanu Ioana,full_name
Nume complet:  Florea George,full_name
Nume complet: Radu Daniela,full_name
Polis: RO63112706665866,insurance_number
"Investigații recomandate: analize sânge, ECG.",none
Email:  maria.georgescu@gmail.com,email
"Адрес: Str. Ștefan cel Mare 195, București",address
"Str. Florilor 163, Timișoara",address
ana.dumitrescu@gmail.com,email
Ultima vizită: 2024-05-10,none
MD434479732726183,insurance_number
18/3/1963,birth_date
MD695510394396379,insurance_number
Телефон:  +7 946484819,phone
Ultima vizită: 2024-05-10,none
Пол - женский,gender
"Bd. Dacia 44, Iași",address
Имя - Radu,first_name
"Адрес : Str. Ștefan cel Mare 141, Brașov",address
Mail:  cosmin.radu@yahoo.com,email
E-mail - laura.ionescu@gmail.com,email
Nume și prenume: Florea Ioana,full_name
Имя : Mihai,first_name
Mobil: +7 925878730,phone
Дата рождения - 26.04.1971,birth_date
Nume și prenume: Preda Cristina,full_name
Пол: female,gender
CNP: 422488272616071,insurance_number
prenumele:  Andreea,first_name
Mail - florin.georgescu@gmail.com,email
Полис : RO865265511426496,insurance_number
4/1/1962,birth_date
DOB : 23.02.1952,birth_date
Эл. почта:  monica.preda@hospital.md,email
Mail : andrei.georgescu@mail.md,email
Пациент : Ionescu Adrian,full_name
1954-04-26,birth_date
925336266773423,insurance_number
Дата рождения - 12.01.2006,birth_date
E-mail : paul.popescu@mail.md,email
Asigurare: CNP 201518253830698,insurance_number
0762344046,phone
Asigurare - 582035490003766,insurance_number
Munteanu Cristian,full_name
Alergii cunoscute: penicilină.,none
Sex - Feminin,gender
Tel - +40 740033905,phone
DOB:  21/4/1981,birth_date
Имя - George,first_name
Radu Ioana,full_name
Пациент:  Tudor Elena,full_name
Mail : gabriel.enache@gmail.com,email
DOB : 18/12/1980,birth_date
Fumător: Nu,none
"Investigații recomandate: analize sânge, ECG.",none
Nume de familie : Florea,last_name
Gen: Feminin,gender
"Bd. Unirii 4, Cluj-Napoca",address
Эл. почта - maria.popa@yahoo.com,email
Пациент: Enache Diana,full_name
Имя:  Dan,first_name
Polis - MD65510469949425,insurance_number
Email: florin.tudor@hospital.md,email
Data nasterii:  1962-10-14,birth_date
Nr. asigurare: RO795141670745026,insurance_number
CNP 460440531598050,insurance_number
Nume și prenume : Popa Daniela,full_name
oana.enache@mail.md,email
RO572649708697269,insurance_number
"Adresă: Str. Libertății 147, Chișinău",address
Alergii cunoscute: penicilină.,none
prenumele - Paul,first_name
Nr. asigurare - 217927551511389,insurance_number
andrei.ionescu@hospital.md,email
"Investigații recomandate: analize sânge, ECG.",none
"Investigații recomandate: analize sânge, ECG.",none
prenumele: Daniela,first_name
RO118472327330412,insurance_number
"Adresă:  Bd. Dacia 148, București",address
Sex: M,gender
MD447553194293767,insurance_number
Diabet: Nu,none
Prenume - Mihaela,first_name
Пол - Feminin,gender
Телефон: +40 716159129,phone
"Domiciliu:  Str. Florilor 117, București",address
Grupa sanguină: A+,none
Preda Marius,full_name
Tel : +7 972122457,phone
Nume și prenume:  Florea Raluca,full_name
"Investigații recomandate: analize sânge, ECG.",none
Телефон: +40 773632249,phone
"Adresă : Bd. Unirii 194, Cluj-Napoca",address
Пациент - Georgescu Alexandru,full_name
Polis:  CNP 400040201253879,insurance_number
"Str. Mihai Eminescu 163, Iași",address
1950-09-12,birth_date
Rețetă eliberată,none
Email:  laura.tudor@yahoo.com,email
Numele - Stoica,last_name
Nr. asigurare : MD512669626517720,insurance_number
Diabet: Nu,none
Пациент : Popa Diana,full_name
Полис:  CNP 465496386840407,insurance_number
Фамилия : Stoica,last_name
Data nașterii : 26.08.2007,birth_date
193004345849576,insurance_number
Rețetă eliberată,none
Data nasterii : 1950-07-11,birth_date
Pacientul nu prezintă simptome acute.,none
+7 956338752,phone
Prenume : Ana,first_name
0779972515,phone
Pacientul nu prezintă simptome acute.,none
Telefon : 0765148727,phone
andrei.ciobanu@yahoo.com,email
Consult efectuat,none
Эл. почта:  adrian.stanescu@gmail.com,email
prenumele:  Radu,first_name
Născut : 2010-05-19,birth_date
ana.stanescu@hospital.md,email
Имя : Monica,first_name
MD263151388955403,insurance_number
1969-05-24,birth_date
Ultima vizită: 2024-05-10,none
Pacientul nu prezintă simptome acute.,none
"Str. Mihai Eminescu 1, Bălți",address
CNP 429330140715330,insurance_number
Nume și prenume: Stanescu Laura,full_name
Observații: bun general,none
Email - monica.florea@hospital.md,email
Prenume: Dan,first_name
Tratament curent: Paracetamol 500mg,none
Pacientul nu prezintă simptome acute.,none
Телефон: +7 930981381,phone
CNP 362342389752512,insurance_number
Nume de familie: Popescu,last_name
Notă: pacient colaborativ,none
Дата рождения - 1999-11-21,birth_date
Фамилия: Dumitrescu,last_name
Пол : мужской,gender
Nume - Constantinescu,last_name
Nume de familie:  Preda,last_name
Numele - Stanescu,last_name
"Adresa - Str. Mihai Viteazul 122, Cluj-Napoca",address
Mail - george.stanescu@yahoo.com,email
"Domiciliu : Str. Florilor 97, Oradea",address
"Str. Libertății 92, Brașov",address
"Adresa : Str. Ștefan cel Mare 30, Galați",address
Sex : Feminin,gender
Consult efectuat,none
Эл. почта : maria.stoica@mail.md,email
Tel : +40 757276557,phone
Telefon: +7 982095327,phone
Enache Oana,full_name
Fumător: Nu,none
CNP : 426649726176511,insurance_number
E-mail - gabriel.preda@hospital.md,email
DOB: 15/12/2002,birth_date
Alergii cunoscute: penicilină.,none
Email: ion.munteanu@hospital.md,email
0738686961,phone
Telefon : +40 761883966,phone
CNP : 489463791014318,insurance_number
Numele:  Georgescu,last_name
Телефон: +40 745113084,phone
Tratament curent: Paracetamol 500mg,none
CNP: RO522432951789081,insurance_number
Пациент : Stanescu Andreea,full_name
"Str. Mihai Viteazul 193, București",address
Data nasterii: 1997-03-18,birth_date
Pacientul nu prezintă simptome acute.,none
Имя : Diana,first_name
"Str. Florilor 19, Brașov",address
Nume complet - Florea Andreea,full_name
+373 736774319,phone
Consultat astăzi la ora 10:00 de Dr. Popescu.,none
Эл. почта - raluca.georgescu@mail.md,email
+373 777575794,phone
mihai.moldovan@gmail.com,email
Fumător: Nu,none
Nr. asigurare: 774779081804387,insurance_number
RO497294559596290,insurance_number
Nr. asigurare: RO159420459901101,insurance_number
"Адрес : Bd. Unirii 78, București",address
Data nașterii:  22.08.1947,birth_date
Prenume:  Adrian,first_name
1987-12-16,birth_date
+7 936480587,phone
Mobil: +373 770996586,phone
Grupa sanguină: A+,none
Telefon:  0782509424,phone
Notă: pacient colaborativ,none
Полис - CNP 364185938153415,insurance_number
Alergii cunoscute: penicilină.,none
Nume de familie : Ionescu,last_name
Tratament curent: Paracetamol 500mg,none
+7 912792658,phone
"Domiciliu:  Str. Ștefan cel Mare 133, Galați",address
Ultima vizită: 2024-05-10,none
Născut - 1964-12-13,birth_date
Marinescu Raluca,full_name
Nume și prenume - Florea Simona,full_name
Nr. asigurare - 723119107151203,insurance_number
Пол:  female,gender
"Bd. Unirii 50, Chișinău",address
Пациент: Stanescu Ion,full_name
Имя:  Paul,first_name
Radu Cosmin,full_name
Gen : Masculin,gender
Nume complet : Vasile Adrian,full_name
Telefon:  +7 998376561,phone
"Адрес - Str. Mihai Eminescu 186, Brașov",address
Asigurare : MD308088270516926,insurance_number
Numele - Constantinescu,last_name
"Адрес : Str. Libertății 158, Constanța",address
Numele : Ionescu,last_name
E-mail: mihai.preda@yahoo.com,email
Consultat astăzi la ora 10:00 de Dr. Popescu.,none
Nume complet:  Enache Mihaela,full_name
Pacientul nu prezintă simptome acute.,none
584221772889293,insurance_number
Mobil: +7 997694240,phone
Numele - Marinescu,last_name
Telefon - +373 736941091,phone
+40 721378739,phone
Имя:  Ana,first_name
Polis:  840090058710923,insurance_number
CNP 928397110485306,insurance_number
"Adresa:  Str. Mihai Viteazul 59, Timișoara",address
Născut : 23/4/2007,birth_date
Mail - simona.ciobanu@yahoo.com,email
Дата рождения: 15.10.1951,birth_date
+373 787115770,phone
Rețetă eliberată,none
Consultat astăzi la ora 10:00 de Dr. Popescu.,none
Nr. asigurare : MD13062572264390,insurance_number
Data nașterii - 15/8/1945,birth_date
paul.radu@mail.md,email
Tel:  +7 941541166,phone
alexandru.constantinescu@gmail.com,email
Nume de familie : Vasile,last_name
Gen - male,gender
Tratament curent: Paracetamol 500mg,none
"Str. Libertății 163, Brașov",address
Email - florin.preda@yahoo.com,email
Telefon - 0739974566,phone
Фамилия: Popa,last_name
Ultima vizită: 2024-05-10,none
Email:  vlad.stanescu@mail.md,email
DOB - 08.08.1989,birth_date
"Str. Mihai Eminescu 105, București",address
Telefon: +40 797720360,phone
Телефон: +40 773380252,phone
Recomandare: Revenire peste 7 zile.,none
Фамилия : Florea,last_name
Mail:  alexandru.stoica@mail.md,email
adrian.stoica@mail.md,email
Nume complet : Georgescu Cristina,full_name
Tel:  +373 778574830,phone
CNP : RO168105889455522,insurance_number
+373 747910765,phone
Sex : Masculin,gender
Fumător: Nu,none
+373 767555628,phone
Nume complet : Marinescu Cristian,full_name
Gen : женский,gender
"Адрес : Str. 1 Decembrie 2, București",address
Пациент: Dumitrescu Ana,full_name
"Bd. Dacia 130, Oradea",address
Prenume - Daniela,first_name
Sex: Feminin,gender
prenumele:  Laura,first_name
Пациент: Munteanu Gabriel,full_name
Munteanu Alexandru,full_name
Grupa sanguină: A+,none
Popa Mihai,full_name
0711060619,phone
Asigurare: MD616255286446812,insurance_number
"Investigații recomandate: analize sânge, ECG.",none
"Адрес : Str. Mihai Viteazul 93, Brașov",address
Diabet: Nu,none
"Str. Mihai Viteazul 43, Timișoara",address
Nume complet - Munteanu Ion,full_name
Consult efectuat,none
Diabet: Nu,none
"Domiciliu - Str. Libertății 172, Timișoara",address
Grupa sanguină: A+,none
Prenume - Ion,first_name
"Domiciliu : Bd. Dacia 194, Timișoara",address
Telefon: +373 759991642,phone
Имя: Ion,first_name
20.07.1976,birth_date
Email:  laura.dumitrescu@hospital.md,email
Data nașterii: 17.03.1975,birth_date
Fumător: Nu,none
CNP - MD350578011521809,insurance_number
"Bd. Dacia 151, Constanța",address
"Investigații recomandate: analize sânge, ECG.",none
Пациент - Florea Andrei,full_name
Nume de familie: Marinescu,last_name
Имя - Cosmin,first_name
Телефон : +373 732629881,phone
Notă: pacient colaborativ,none
"Str. Mihai Viteazul 98, Bălți",address
Data nașterii:  22/5/1947,birth_date
"Str. 1 Decembrie 188, Brașov",address
Sex - M,gender
Ultima vizită: 2024-05-10,none
Nume și prenume - Popa Ana,full_name
Prenume : Paul,first_name
Nume complet : Vasile Gabriel,full_name
"Адрес: Str. Mihai Eminescu 42, Brașov",address
Alergii cunoscute: penicilină.,none
Tratament curent: Paracetamol 500mg,none
prenumele: Simona,first_name
Дата рождения: 24/8/1971,birth_date
Preda Andreea,full_name
DOB:  2006-08-03,birth_date
Ciobanu Raluca,full_name
RO160658508385031,insurance_number
Пол : male,gender
Nume complet: Marinescu Andrei,full_name
1970-04-12,birth_date
Grupa sanguină: A+,none
Observații: bun general,none
Consult efectuat,none
Nume de familie : Vasile,last_name
CNP 788485470518214,insurance_number
Fumător: Nu,none
Tratament curent: Paracetamol 500mg,none
Ultima vizită: 2024-05-10,none
Ciobanu Andreea,full_name
Prenume : Laura,first_name
Mail:  cristina.preda@mail.md,email
Născut - 1978-02-15,birth_date
Ultima vizită: 2024-05-10,none
Фамилия : Florea,last_name
"Adresa - Str. Florilor 60, Brașov",address
Nume complet: Ciobanu Cristian,full_name
Nume și prenume: Stoica Ana,full_name
Consultat astăzi la ora 10:00 de Dr. Popescu.,none
"Adresa: Str. Mihai Eminescu 124, Iași",address
785928762223161,insurance_number
26/11/1987,birth_date
Observații: bun general,none
CNP: CNP 374536702096281,insurance_number
DOB:  1991-01-18,birth_date
+7 923543068,phone
Nume:  Florea,last_name
Telefon:  +7 978227286,phone
Observații: bun general,none
Observații: bun general,none
"Str. Ștefan cel Mare 102, Chișinău",address
+7 941125867,phone
Prenume:  Oana,first_name
Dumitrescu Adrian,full_name
Grupa sanguină: A+,none
CNP 916932376214075,insurance_number
18/8/1945,birth_date
Tratament curent: Paracetamol 500mg,none
Nume și prenume: Florea Paul,full_name
Nume:  Constantinescu,last_name
Nume și prenume - Ionescu Gabriel,full_name
Пациент: Florea Ana,full_name
Имя:  Ana,first_name
Nr. asigurare - MD543108092379642,insurance_number
"Investigații recomandate: analize sânge, ECG.",none
1973-01-08,birth_date
monica.marinescu@yahoo.com,email
Tel - +373 793774355,phone
Полис: RO668941892234999,insurance_number
2000-05-05,birth_date
"Investigații recomandate: analize sânge, ECG.",none
Nume de familie - Popa,last_name
10.03.1986,birth_date
CNP 741801167241482,insurance_number
Polis : CNP 898722811170133,insurance_number
10.07.1987,birth_date
DOB:  13.09.2005,birth_date
0755677542,phone
"Domiciliu: Str. Libertății 186, Chișinău",address
"Investigații recomandate: analize sânge, ECG.",none
Эл. почта:  mihai.florea@yahoo.com,email
"Str. Mihai Eminescu 88, București",address
Пациент - Preda Andrei,full_name
Имя:  Elena,first_name
Телефон - +7 915205303,phone
Эл. почта: andrei.stoica@yahoo.com,email
radu.popa@yahoo.com,email
DOB: 19/9/1969,birth_date
Эл. почта : monica.marinescu@yahoo.com,email
0741503438,phone
"Domiciliu: Str. Ștefan cel Mare 178, Cluj-Napoca",address
08.03.1950,birth_date
Diabet: Nu,none
Пациент:  Vasile Ana,full_name
Nume : Marinescu,last_name
Data nasterii : 13/5/1995,birth_date
Consultat astăzi la ora 10:00 de Dr. Popescu.,none
Полис:  CNP 909707253354389,insurance_number
Nume:  Popa,last_name
Numele - Popescu,last_name
DOB:  4/12/2005,birth_date
CNP 520948149829973,insurance_number
E-mail:  cosmin.stanescu@mail.md,email
Preda Ion,full_name
DOB:  08.04.1990,birth_date
CNP 227098578785989,insurance_number
Nume complet:  Preda Monica,full_name
Consult efectuat,none
Полис : RO853989007933453,insurance_number
Stanescu Paul,full_name
12.01.1963,birth_date
Gen:  Feminin,gender
Пол: male,gender
Sex - Masculin,gender
Nume complet: Moldovan Gabriel,full_name
Telefon: +40 778072320,phone
Tratament curent: Paracetamol 500mg,none
Ultima vizită: 2024-05-10,none
Пациент:  Enache Alexandru,full_name
Rețetă eliberată,none
DOB: 08.04.1953,birth_date
4/3/1982,birth_date
Grupa sanguină: A+,none
"Domiciliu:  Bd. Dacia 151, Timișoara",address
Nume: Florea,last_name
Tratament curent: Paracetamol 500mg,none
"Adresa: Str. Mihai Viteazul 124, Constanța",address
Nume și prenume - Stanescu Andrei,full_name
Nume de familie - Popescu,last_name
Эл. почта: elena.georgescu@yahoo.com,email
Moldovan Diana,full_name
"Str. Florilor 60, Oradea",address
Mobil: 0779029393,phone
Tel: +40 738290610,phone
Ultima vizită: 2024-05-10,none
Numele : Marinescu,last_name
Mail:  marius.dumitrescu@yahoo.com,email
Mail: alexandru.constantinescu@yahoo.com,email
CNP:  MD331488390366550,insurance_number
"Investigații recomandate: analize sânge, ECG.",none
CNP 679714616290637,insurance_number
Эл. почта : simona.florea@yahoo.com,email
"Domiciliu: Str. Mihai Viteazul 44, Brașov",address
Email:  raluca.moldovan@gmail.com,email
Fumător: Nu,none
Имя: Mihai,first_name
Data nașterii : 12.10.1973,birth_date
RO529926025026545,insurance_number
"Domiciliu: Bd. Dacia 35, Constanța",address
Эл. почта - mihaela.tudor@yahoo.com,email
Recomandare: Revenire peste 7 zile.,none
Născut - 16/6/1967,birth_date
Фамилия:  Enache,last_name
Пол : female,gender
Gen: мужской,gender
DOB:  2003-03-11,birth_date
"Adresă - Str. Mihai Viteazul 94, Oradea",address
Фамилия : Popa,last_name
Nr. asigurare: 149226426282939,insurance_number
Telefon:  +373 714919926,phone
Grupa sanguină: A+,none
Sex : M,gender
cristian.florea@hospital.md,email
Ultima vizită: 2024-05-10,none
Tratament curent: Paracetamol 500mg,none
Tel:  +40 781184297,phone
Nume și prenume - Radu Oana,full_name
Constantinescu Monica,full_name
Tratament curent: Paracetamol 500mg,none
"Domiciliu:  Str. 1 Decembrie 193, Oradea",address
"Adresă : Str. Mihai Eminescu 164, Bălți",address
+7 923327047,phone
Prenume: Andrei,first_name
Stoica Laura,full_name
"Bd. Dacia 43, Chișinău",address
Nume complet : Ciobanu Elena,full_name
Tel:  +40 737592422,phone
+7 958404738,phone
DOB:  10.08.1947,birth_date
Alergii cunoscute: penicilină.,none
991913587942960,insurance_number
Alergii cunoscute: penicilină.,none
Sex : F,gender
"Адрес: Str. Mihai Viteazul 22, Timișoara",address
Nume complet:  Marinescu Gabriel,full_name
"Adresa: Str. Mihai Viteazul 159, Iași",address
Fumător: Nu,none
Ultima vizită: 2024-05-10,none
prenumele - Adrian,first_name
E-mail - oana.popescu@hospital.md,email
Пациент - Stoica Cosmin,full_name
Gen : женский,gender
0762394739,phone
+373 730348912,phone
507951432324358,insurance_number
Consult efectuat,none
Nume complet:  Vasile Ioana,full_name
MD370298158928438,insurance_number
Asigurare:  RO349471560692749,insurance_number
"Adresă : Str. Mihai Viteazul 167, Galați",address
Mail - marius.radu@hospital.md,email
Polis - MD217403807911934,insurance_number
Дата рождения : 18/5/1966,birth_date
Alergii cunoscute: penicilină.,none
+373 788874216,phone
Nume de familie: Ciobanu,last_name
"Adresă:  Str. Ștefan cel Mare 94, Chișinău",address
Имя: Elena,first_name
Fumător: Nu,none
Asigurare: 950532908989863,insurance_number
"Domiciliu - Bd. Unirii 200, Constanța",address
Nume și prenume - Marinescu Alexandru,full_name
Полис:  CNP 886450326309559,insurance_number
Alergii cunoscute: penicilină.,none
Пациент: Vasile Oana,full_name
DOB:  1959-09-18,birth_date
+7 927327046,phone
"Domiciliu: Str. Libertății 75, Chișinău",address
Numele: Ionescu,last_name
Nume complet:  Tudor Andrei,full_name
Nume - Stoica,last_name
Tel - 0794103363,phone
"Str. Libertății 25, Timișoara",address
Mobil:  +373 756000822,phone
Пол : Feminin,gender
Sex:  F,gender
E-mail : gabriel.florea@mail.md,email
Grupa sanguină: A+,none
22/9/2004,birth_date
13.04.1996,birth_date
Asigurare:  816561124701457,insurance_number
"Str. Mihai Eminescu 99, Oradea",address
Asigurare: MD666274595678869,insurance_number
Nr. asigurare - MD775218154262219,insurance_number
06.06.1984,birth_date
Nume de familie: Enache,last_name
0748488047,phone
Rețetă eliberată,none
Sex: Feminin,gender
"Adresă: Str. Libertății 118, Brașov",address
Enache Vlad,full_name
Nume de familie : Moldovan,last_name
Diabet: Nu,none
cristian.popa@hospital.md,email
Pacientul nu prezintă simptome acute.,none
Пациент:  Ionescu Dan,full_name
RO311230590470145,insurance_number
Nume și prenume:  Ciobanu Ana,full_name
MD10900500878575,insurance_number
Consult efectuat,none
RO43102544021034,insurance_number
Tel : +40 753246714,phone
"Str. Ștefan cel Mare 162, București",address
Gen : женский,gender
Tel - +40 777798790,phone
Polis : CNP 866809871942270,insurance_number
"Domiciliu - Str. Mihai Eminescu 136, Iași",address
Дата рождения: 02.09.2009,birth_date
prenumele: Andrei,first_name
"Bd. Unirii 184, Bălți",address
Email : oana.constantinescu@yahoo.com,email
Nume complet : Marinescu Marius,full_name
Nume de familie:  Ionescu,last_name
Stoica Vlad,full_name
CNP 993520356721441,insurance_number
Data nasterii: 7/9/2003,birth_date
Пол : F,gender
Gen:  M,gender
Пол - женский,gender
Recomandare: Revenire peste 7 zile.,none
RO846251868177067,insurance_number
Diabet: Nu,none
Nume și prenume: Popa Ioana,full_name
Consult efectuat,none
Дата рождения : 1991-05-10,birth_date
Alergii cunoscute: penicilină.,none
Recomandare: Revenire peste 7 zile.,none
MD439818315649014,insurance_number
"Адрес - Str. Mihai Eminescu 192, Timișoara",address
Nume de familie : Florea,last_name
"Investigații recomandate: analize sânge, ECG.",none
Пациент:  Popa Alexandru,full_name
prenumele - Mihaela,first_name
Tratament curent: Paracetamol 500mg,none
"Bd. Dacia 102, Brașov",address
Pacientul nu prezintă simptome acute.,none
Diabet: Nu,none
Nume complet - Moldovan Laura,full_name
"Str. 1 Decembrie 109, Iași",address
Дата рождения: 20/11/1966,birth_date
+373 783071525,phone
"Adresa : Str. Mihai Eminescu 181, Galați",address
Polis - RO497177448909837,insurance_number
